,Term ID,Group name,Note,available,ILX superclass,FMA superclass,superclass label,relation,level
0,FMA:8887,Anterior branch of lateral cutaneous branch of left eighth intercostal nerve,,,,,,,
1,FMA:7305,Anterior branch of lateral cutaneous branch of left eleventh intercostal nerve,,,,,,,
2,FMA:7294,Anterior branch of lateral cutaneous branch of left fifth intercostal nerve,,,,,,,
3,FMA:7127,Anterior branch of lateral cutaneous branch of left fourth intercostal nerve,,,,,,,
4,FMA:8898,Anterior branch of lateral cutaneous branch of left ninth intercostal nerve,,,,,,,
5,FMA:8876,Anterior branch of lateral cutaneous branch of left seventh intercostal nerve,,,,,,,
6,FMA:8865,Anterior branch of lateral cutaneous branch of left sixth intercostal nerve,,,,,,,
7,FMA:11552,Anterior branch of lateral cutaneous branch of left subcostal nerve,,,,,,,
8,FMA:8909,Anterior branch of lateral cutaneous branch of left tenth intercostal nerve,,,,,,,
9,FMA:7116,Anterior branch of lateral cutaneous branch of left third intercostal nerve,,,,,,,
10,FMA:8886,Anterior branch of lateral cutaneous branch of right eighth intercostal nerve,,,,,,,
11,FMA:7304,Anterior branch of lateral cutaneous branch of right eleventh intercostal nerve,,,,,,,
12,FMA:7293,Anterior branch of lateral cutaneous branch of right fifth intercostal nerve,,,,,,,
13,FMA:7126,Anterior branch of lateral cutaneous branch of right fourth intercostal nerve,,,,,,,
14,FMA:8897,Anterior branch of lateral cutaneous branch of right ninth intercostal nerve,,,,,,,
15,FMA:8875,Anterior branch of lateral cutaneous branch of right seventh intercostal nerve,,,,,,,
16,FMA:8864,Anterior branch of lateral cutaneous branch of right sixth intercostal nerve,,,,,,,
17,FMA:11551,Anterior branch of lateral cutaneous branch of right subcostal nerve,,,,,,,
18,FMA:8908,Anterior branch of lateral cutaneous branch of right tenth intercostal nerve,,,,,,,
19,FMA:7115,Anterior branch of lateral cutaneous branch of right third intercostal nerve,,,,,,,
20,ILX:0795071,Anterior branch of left inferior laryngeal nerve,,,,,,,
21,FMA:65314,Anterior branch of left medial cutaneous nerve of forearm,,,,,,,
22,FMA:45309,Anterior branch of left obturator nerve,,,,,,,
23,ILX:0795070,Anterior branch of right inferior laryngeal nerve,,,,,,,
24,FMA:65313,Anterior branch of right medial cutaneous nerve of forearm,,,,,,,
25,FMA:45308,Anterior branch of right obturator nerve,,,,,,,
26,FMA:8883,Anterior cutaneous branch of left eighth intercostal nerve,,"['FMA:8883', 'ILX:0790742']",,,,,
27,FMA:7301,Anterior cutaneous branch of left eleventh intercostal nerve,,"['FMA:7301', 'ILX:0788209']",,,,,
28,FMA:7290,Anterior cutaneous branch of left fifth intercostal nerve,,"['FMA:7290', 'ILX:0787642']",,,,,
29,FMA:8922,Anterior cutaneous branch of left first intercostal nerve,,"['FMA:8922', 'ILX:0785658']",,,,,
30,FMA:7123,Anterior cutaneous branch of left fourth intercostal nerve,,"['FMA:7123', 'ILX:0792330']",,,,,
31,FMA:20605,Anterior cutaneous branch of left iliohypogastric nerve,,,,,,,
33,FMA:8894,Anterior cutaneous branch of left ninth intercostal nerve,,"['FMA:8894', 'ILX:0786167']",,,,,
34,FMA:7092,Anterior cutaneous branch of left second intercostal nerve,,"['FMA:7092', 'ILX:0788761']",,,,,
35,FMA:8872,Anterior cutaneous branch of left seventh intercostal nerve,,"['FMA:8872', 'ILX:0790269']",,,,,
36,FMA:8861,Anterior cutaneous branch of left sixth intercostal nerve,,"['FMA:8861', 'ILX:0786968']",,,,,
37,FMA:8917,Anterior cutaneous branch of left subcostal nerve,,,,,,,
38,FMA:8905,Anterior cutaneous branch of left tenth intercostal nerve,,"['FMA:8905', 'ILX:0792701']",,,,,
39,FMA:6149,Anterior cutaneous branch of left third intercostal nerve,,"['FMA:6149', 'ILX:0792071']",,,,,
40,FMA:8882,Anterior cutaneous branch of right eighth intercostal nerve,,"['FMA:8882', 'ILX:0785523']",,,,,
41,FMA:7300,Anterior cutaneous branch of right eleventh intercostal nerve,,"['FMA:7300', 'ILX:0788497']",,,,,
42,FMA:7289,Anterior cutaneous branch of right fifth intercostal nerve,,"['FMA:7289', 'ILX:0785138']",,,,,
43,FMA:6137,Anterior cutaneous branch of right first intercostal nerve,,"['FMA:6137', 'ILX:0788117']",,,,,
44,FMA:7122,Anterior cutaneous branch of right fourth intercostal nerve,,"['FMA:7122', 'ILX:0789497']",,,,,
45,FMA:20604,Anterior cutaneous branch of right iliohypogastric nerve,,,,,,,
47,FMA:8893,Anterior cutaneous branch of right ninth intercostal nerve,,"['FMA:8893', 'ILX:0790052']",,,,,
48,FMA:6114,Anterior cutaneous branch of right second intercostal nerve,,"['FMA:6114', 'ILX:0787801']",,,,,
49,FMA:8871,Anterior cutaneous branch of right seventh intercostal nerve,,"['FMA:8871', 'ILX:0785264']",,,,,
50,FMA:8860,Anterior cutaneous branch of right sixth intercostal nerve,,"['FMA:8860', 'ILX:0792714']",,,,,
51,FMA:8916,Anterior cutaneous branch of right subcostal nerve,,,,,,,
52,FMA:8904,Anterior cutaneous branch of right tenth intercostal nerve,,"['FMA:8904', 'ILX:0788354']",,,,,
53,FMA:6155,Anterior cutaneous branch of right third intercostal nerve,,"['FMA:6155', 'ILX:0791847']",,,,,
54,ILX:0794854,Anterior esophageal vagus trunk,,,,,,,
55,FMA:53535,Auricular branch of left vagus nerve,,,"['FMA:6232', 'ILX:0793829']",FMA:6232,Auricular branch of vagus nerve,subClassOf,2
56,FMA:53534,Auricular branch of right vagus nerve,,,"['FMA:6232', 'ILX:0793829']",FMA:6232,Auricular branch of vagus nerve,subClassOf,2
57,FMA:65371,Brachial plexus anterior division of left inferior trunk,,,,,,,
58,FMA:305015,Brachial plexus anterior division of left middle trunk,,"['FMA:305015', 'ILX:0791599']",,,,,
59,FMA:65384,Brachial plexus anterior division of left superior trunk,,,,,,,
60,FMA:65370,Brachial plexus anterior division of right inferior trunk,,,,,,,
61,FMA:305013,Brachial plexus anterior division of right middle trunk,,"['FMA:305013', 'ILX:0790678']",,,,,
62,FMA:65383,Brachial plexus anterior division of right superior trunk,,,,,,,
63,FMA:8735,Brachial plexus left C5 root,,"['FMA:8735', 'ILX:0786221']",,,,,
64,FMA:8732,Brachial plexus left C6 root,,"['FMA:8732', 'ILX:0789680']",,,,,
65,FMA:8729,Brachial plexus left C7 root,,"['FMA:8729', 'ILX:0785035']",,,,,
66,FMA:8726,Brachial plexus left C8 root,,"['FMA:8726', 'ILX:0789806']",,,,,
67,,Brachial plexus left T1 root,,,,,,,
68,FMA:65364,Brachial plexus left inferior trunk,,,,,,,
69,FMA:45239,Brachial plexus left lateral cord,,,,,,,
70,FMA:45241,Brachial plexus left medial cord,,,,,,,
71,FMA:65366,Brachial plexus left middle trunk,,"['FMA:65366', 'ILX:0791092']",,,,,
72,FMA:45243,Brachial plexus left posterior cord,,,,,,,
73,FMA:65362,Brachial plexus left superior trunk,,,,,,,
74,FMA:65376,Brachial plexus posterior division of left inferior trunk,,,,,,,
75,FMA:65378,Brachial plexus posterior division of left middle trunk,,"['FMA:65378', 'ILX:0793034']",,,,,
76,FMA:65380,Brachial plexus posterior division of left superior trunk,,,,,,,
77,FMA:65375,Brachial plexus posterior division of right inferior trunk,,,,,,,
78,FMA:65377,Brachial plexus posterior division of right middle trunk,,"['FMA:65377', 'ILX:0785546']",,,,,
79,FMA:65379,Brachial plexus posterior division of right superior trunk,,,,,,,
80,FMA:8734,Brachial plexus right C5 root,,"['FMA:8734', 'ILX:0784742']",,,,,
81,FMA:8731,Brachial plexus right C6 root,,"['FMA:8731', 'ILX:0788869']",,,,,
82,FMA:8728,Brachial plexus right C7 root,,"['FMA:8728', 'ILX:0789112']",,,,,
83,FMA:8725,Brachial plexus right C8 root,,"['FMA:8725', 'ILX:0784638']",,,,,
84,,Brachial plexus right T1 root,,,,,,,
85,FMA:65363,Brachial plexus right inferior trunk,,,,,,,
86,FMA:45238,Brachial plexus right lateral cord,,,,,,,
87,FMA:45240,Brachial plexus right medial cord,,,,,,,
88,FMA:65365,Brachial plexus right middle trunk,,"['FMA:65365', 'ILX:0790353']",,,,,
89,FMA:45242,Brachial plexus right posterior cord,,,,,,,
90,FMA:65361,Brachial plexus right superior trunk,,,,,,,
91,FMA:65850,Branch from left C5 root to long thoracic nerve,,"['FMA:65850', 'ILX:0786464']",,,,,
92,FMA:65870,Branch from left C6 root to long thoracic nerve,,"['FMA:65870', 'ILX:0791366']",,,,,
93,FMA:65899,Branch from left C7 root to long thoracic nerve,,"['FMA:65899', 'ILX:0791095']",,,,,
94,FMA:65849,Branch from right C5 root to long thoracic nerve,,"['FMA:65849', 'ILX:0786720']",,,,,
95,FMA:65869,Branch from right C6 root to long thoracic nerve,,"['FMA:65869', 'ILX:0789227']",,,,,
96,FMA:65898,Branch from right C7 root to long thoracic nerve,,"['FMA:65898', 'ILX:0792451']",,,,,
97,FMA:53675,Branch of greater anterior gastric nerve to coeliac nerve plexus,,,,,,,
99,ILX:0795085,Branch of left recurrent laryngeal nerve to muscle of larynx,,,,,,,
100,ILX:0794310,Branch of left vagus nerve to oesophageal nerve plexus,,,,,,,
101,ILX:0795084,Branch of right recurrent laryngeal nerve to muscle of larynx,,,,,,,
102,,Branch of right vagus nerve to oesophageal nerve plexus,previously annotated to FMA:53675 (Branch of greater anterior gastric nerve to coeliac plexus),,,,,,
103,FMA:53312,Buccal branch of left facial nerve,,,"['FMA:53310', 'ILX:0792839']",FMA:53310,Buccal branch of facial nerve,subClassOf,2
104,FMA:53311,Buccal branch of right facial nerve,,,"['FMA:53310', 'ILX:0792839']",FMA:53310,Buccal branch of facial nerve,subClassOf,2
105,ILX:0794160,Cardiopulmonary branch A of left vagus nerve,,,,,,,
106,ILX:0794154,Cardiopulmonary branch A of right vagus nerve,,,,,,,
107,ILX:0794161,Cardiopulmonary branch B of left vagus nerve,,,,,,,
108,ILX:0794155,Cardiopulmonary branch B of right vagus nerve,,,,,,,
109,FMA:53399,Cervical branch of left facial nerve,,"['FMA:53399', 'ILX:0785396']",,,,,
110,FMA:53398,Cervical branch of right facial nerve,,"['FMA:53398', 'ILX:0789750']",,,,,
111,ILX:0795106,Chorda tympani branch of left facial nerve,,['ILX:0795106'],,,,,
112,ILX:0795105,Chorda tympani branch of right facial nerve,,['ILX:0795105'],,,,,
113,FMA:6667,Coeliac branch of posterior vagal trunk,,,,,,,
114,ILX:0787673,Communicating branch of auricular branch of left vagus nerve with left facial nerve,,,,,,,
115,ILX:0786219,Communicating branch of auricular branch of left vagus nerve with left posterior auricular nerve,,,,,,,
116,ILX:0786954,Communicating branch of auricular branch of right vagus nerve with right posterior auricular nerve,,,,,,,
117,,Communicating branch of left common palmar digital branch of ulnar nerve with left median nerve,,,,,,,
118,FMA:53562,Communicating branch of left external laryngeal nerve with left superior cardiac nerve,,"['FMA:53562', 'ILX:0787107']",,,,,
119,FMA:53485,Communicating branch of left glossopharyngeal nerve with auricular branch of left vagus nerve,,"['FMA:53485', 'ILX:0788944']",,,,,
120,FMA:53572,Communicating branch of left internal laryngeal nerve with left recurrent laryngeal nerve,,"['FMA:53572', 'ILX:0789900']",,,,,
121,FMA:53560,Communicating branch of left vagus nerve with left glossopharyngeal nerve,,,"['FMA:6228', 'ILX:0786403']",FMA:6228,Branch of vagus nerve,subClassOf,3
122,,Communicating branch of right common palmar digital branch of ulnar nerve with right median nerve,,,,,,,
123,FMA:53561,Communicating branch of right external laryngeal nerve with right superior cardiac nerve,,"['FMA:53561', 'ILX:0787405']",,,,,
124,FMA:53484,Communicating branch of right glossopharyngeal nerve with auricular branch of right vagus nerve,,"['FMA:53484', 'ILX:0789837']",,,,,
125,FMA:53571,Communicating branch of right internal laryngeal nerve with right recurrent laryngeal nerve,,"['FMA:53571', 'ILX:0791006']",,,,,
126,FMA:53559,Communicating branch of right vagus nerve with right glossopharyngeal nerve,,,"['FMA:6228', 'ILX:0786403']",FMA:6228,Branch of vagus nerve,subClassOf,3
127,,Communicating branch of superior cervical ganglion with left vagus nerve,,,,,,,
128,,Communicating branch of superior cervical ganglion with right vagus nerve,,,,,,,
129,,Cranial roots of left accessory nerve,,,,,,,
130,,Cranial roots of right accessory nerve,,,,,,,
131,FMA:45334,Cutaneous branch of left obturator nerve,,,,,,,
132,FMA:45333,Cutaneous branch of right obturator nerve,,,,,,,
133,FMA:292832,Dorsal branch of left ulnar nerve,,,,,,,
134,FMA:292830,Dorsal branch of right ulnar nerve,,,,,,,
135,ILX:0795069,Extra-laryngeal branch of left recurrent laryngeal nerve to larynx,,,,,,,
136,ILX:0795068,Extra-laryngeal branch of right recurrent laryngeal nerve to larynx,,,,,,,
137,FMA:52733,Ganglionic branch of left maxillary nerve to pterygopalatine ganglion,,,,,,,
138,FMA:52732,Ganglionic branch of right maxillary nerve to pterygopalatine ganglion,,,,,,,
139,FMA:45355,Gluteal branch A of left posterior femoral cutaneous nerve,,,,,,,
140,FMA:45354,Gluteal branch A of right posterior femoral cutaneous nerve,,,,,,,
141,FMA:6684,Greater anterior gastric nerve,,"['FMA:6684', 'ILX:0793831']",,,,,
142,FMA:6689,Greater posterior gastric nerve,,"['FMA:6689', 'ILX:0788809']",,,,,
143,FMA:6666,Hepatic branch of anterior vagal trunk,,"['FMA:6666', 'ILX:0784595']",,,,,
144,ILX:0794244,Inferior cervical cardiac branch of left recurrent laryngeal nerve,,,,,,,
145,FMA:6714,Inferior cervical cardiac branch of left vagus nerve,,"['FMA:6714', 'ILX:0786047']",,,,,
146,ILX:0794235,Inferior cervical cardiac branch of right recurrent laryngeal nerve,,,,,,,
147,FMA:6713,Inferior cervical cardiac branch of right vagus nerve,,"['FMA:6713', 'ILX:0789456']",,,,,
148,FMA:53582,Inferior ramus of left internal laryngeal nerve,,"['FMA:53582', 'ILX:0785467']",,,,,
149,ILX:0789165,Inferior ramus of right internal laryngeal nerve,,,,,,,
150,FMA:45327,Infrapatellar branch of left saphenous nerve,,,,,,,
151,FMA:45326,Infrapatellar branch of right saphenous nerve,,,,,,,
152,FMA:11214,Lateral cutaneous branch of left eighth intercostal nerve,,"['FMA:11214', 'ILX:0784704']",,,,,
153,FMA:11220,Lateral cutaneous branch of left eleventh intercostal nerve,,"['FMA:11220', 'ILX:0788296']",,,,,
154,FMA:11193,Lateral cutaneous branch of left fifth intercostal nerve,,"['FMA:11193', 'ILX:0791624']",,,,,
155,FMA:11111,Lateral cutaneous branch of left fourth intercostal nerve,,"['FMA:11111', 'ILX:0784609']",,,,,
156,FMA:20608,Lateral cutaneous branch of left iliohypogastric nerve,,,,,,,
157,FMA:11216,Lateral cutaneous branch of left ninth intercostal nerve,,"['FMA:11216', 'ILX:0792090']",,,,,
158,FMA:11212,Lateral cutaneous branch of left seventh intercostal nerve,,"['FMA:11212', 'ILX:0787958']",,,,,
159,FMA:11210,Lateral cutaneous branch of left sixth intercostal nerve,,"['FMA:11210', 'ILX:0788966']",,,,,
160,FMA:8919,Lateral cutaneous branch of left subcostal nerve,,,,,,,
161,FMA:11218,Lateral cutaneous branch of left tenth intercostal nerve,,"['FMA:11218', 'ILX:0788982']",,,,,
162,FMA:6111,Lateral cutaneous branch of left third intercostal nerve,,"['FMA:6111', 'ILX:0791002']",,,,,
163,FMA:11213,Lateral cutaneous branch of right eighth intercostal nerve,,"['FMA:11213', 'ILX:0791344']",,,,,
164,FMA:11219,Lateral cutaneous branch of right eleventh intercostal nerve,,"['FMA:11219', 'ILX:0792325']",,,,,
165,FMA:11194,Lateral cutaneous branch of right fifth intercostal nerve,,"['FMA:11194', 'ILX:0786198']",,,,,
166,FMA:11084,Lateral cutaneous branch of right fourth intercostal nerve,,"['FMA:11084', 'ILX:0789581']",,,,,
167,FMA:20607,Lateral cutaneous branch of right iliohypogastric nerve,,,,,,,
168,FMA:11215,Lateral cutaneous branch of right ninth intercostal nerve,,"['FMA:11215', 'ILX:0787811']",,,,,
169,FMA:11211,Lateral cutaneous branch of right seventh intercostal nerve,,"['FMA:11211', 'ILX:0784520']",,,,,
170,FMA:11209,Lateral cutaneous branch of right sixth intercostal nerve,,"['FMA:11209', 'ILX:0791592']",,,,,
171,FMA:8918,Lateral cutaneous branch of right subcostal nerve,,,,,,,
172,FMA:11217,Lateral cutaneous branch of right tenth intercostal nerve,,"['FMA:11217', 'ILX:0790044']",,,,,
173,FMA:6108,Lateral cutaneous branch of right third intercostal nerve,,"['FMA:6108', 'ILX:0786857']",,,,,
174,ILX:0795133,Lateral portion of left median nerve,,['ILX:0795133'],,,,,
175,ILX:0795132,Lateral portion of right median nerve,,['ILX:0795132'],,,,,
176,FMA:305345,Lateral root of left median nerve,,,,,,,
177,FMA:305343,Lateral root of right median nerve,,,,,,,
178,,Left C1 grey ramus communicans,,,,,,,
179,ILX:0794594,Left C1 spinal nerve,,,,,,,
180,FMA:55148,Left C1 spinal nerve branch to left ansa cervicalis,,,,,,,
181,,Left C2 grey ramus communicans,,,,,,,
182,ILX:0794597,Left C2 spinal nerve,,,,,,,
183,FMA:55150,Left C2 spinal nerve branch to left ansa cervicalis,,,,,,,
184,FMA:65399,Left C2 spinal nerve branch to left great auricular nerve,,,"['FMA:65397', 'ILX:0785269']",FMA:65397,C2 root of great auricular nerve,subClassOf,2
185,FMA:6832,Left C2 spinal nerve posterior ramus,,"['FMA:6832', 'ILX:0792398']",,,,,
186,,Left C3 grey ramus communicans,,,,,,,
187,ILX:0794600,Left C3 spinal nerve,,,,,,,
188,FMA:65402,Left C3 spinal nerve branch to left great auricular nerve,,,"['FMA:65400', 'ILX:0792725']",FMA:65400,C3 root of great auricular nerve,subClassOf,2
189,FMA:65438,Left C3 spinal nerve branch to left supraclavicular nerve,,,"['FMA:65433', 'ILX:0785918']",FMA:65433,C3 root of supraclavicular nerve,subClassOf,2
190,FMA:6849,Left C3 spinal nerve posterior ramus,,"['FMA:6849', 'ILX:0791211']",,,,,
191,FMA:6851,Left C3 spinal nerve posterior ramus medial branch,,"['FMA:6851', 'ILX:0786642']",,,,,
192,,Left C4 grey ramus communicans,,,,,,,
193,ILX:0794603,Left C4 spinal nerve,,,,,,,
194,FMA:8791,Left C4 spinal nerve posterior ramus,,"['FMA:8791', 'ILX:0786456']",,,,,
195,FMA:65740,Left C4 spinal nerve posterior ramus medial branch,,"['FMA:65740', 'ILX:0791423']",,,,,
196,,Left C5 grey ramus communicans,,,,,,,
197,ILX:0794606,Left C5 spinal nerve,,,,,,,
198,FMA:8795,Left C5 spinal nerve posterior ramus,,"['FMA:8795', 'ILX:0786130']",,,,,
199,FMA:65744,Left C5 spinal nerve posterior ramus medial branch,,"['FMA:65744', 'ILX:0791009']",,,,,
200,,Left C6 grey ramus communicans,,,,,,,
201,ILX:0794609,Left C6 spinal nerve,,,,,,,
202,FMA:8798,Left C6 spinal nerve posterior ramus,,"['FMA:8798', 'ILX:0784736']",,,,,
203,,Left C6 spinal nerve posterior ramus medial branch,previously annotated to FMA:11262 (Medial branch of posterior ramus of left sixth thoracic nerve),,,,,,
204,,Left C7 grey ramus communicans,,,,,,,
205,ILX:0794612,Left C7 spinal nerve,,,,,,,
206,,Left C8 grey ramus communicans,,,,,,,
207,ILX:0794615,Left C8 spinal nerve,,,,,,,
208,FMA:65924,Left L1 grey ramus communicans,,,"['FMA:65910', 'ILX:0785825']",FMA:65910,Gray communicating ramus of first lumbar nerve,subClassOf,2
209,FMA:6411,Left L1 spinal nerve,,"['FMA:6411', 'ILX:0785490']",,,,,
210,FMA:65938,Left L1 spinal nerve branch to left genitofemoral nerve,,,,,,,
211,FMA:7078,Left L1 spinal nerve posterior ramus,,"['FMA:7078', 'ILX:0786635']",,,,,
212,FMA:16401,Left L1 spinal nerve posterior ramus lateral branch,,"['FMA:16401', 'ILX:0784506']",,,,,
213,FMA:16885,Left L1 white ramus communicans,,"['FMA:16885', 'ILX:0785376']",,,,,
214,FMA:65922,Left L2 grey ramus communicans,,,"['FMA:65911', 'ILX:0785733']",FMA:65911,Gray communicating ramus of second lumbar nerve,subClassOf,2
215,FMA:6413,Left L2 spinal nerve,,"['FMA:6413', 'ILX:0789476']",,,,,
216,ILX:0795373,Left L2 spinal nerve branch to left femoral nerve,,['ILX:0795373'],,,,,
217,FMA:65942,Left L2 spinal nerve branch to left genitofemoral nerve,,,,,,,
218,ILX:0795375,Left L2 spinal nerve branch to left lateral femoral cutaneous nerve,,['ILX:0795375'],,,,,
219,FMA:65949,Left L2 spinal nerve branch to left obturator nerve,,,,,,,
220,FMA:8833,Left L2 spinal nerve posterior ramus,,"['FMA:8833', 'ILX:0785297']",,,,,
221,FMA:16403,Left L2 spinal nerve posterior ramus lateral branch,,"['FMA:16403', 'ILX:0790256']",,,,,
222,FMA:16887,Left L2 white ramus communicans,,"['FMA:16887', 'ILX:0788743']",,,,,
223,FMA:65920,Left L3 grey ramus communicans,,,"['FMA:65912', 'ILX:0785932']",FMA:65912,Gray communicating ramus of third lumbar nerve,subClassOf,2
224,FMA:6418,Left L3 spinal nerve,,"['FMA:6418', 'ILX:0784426']",,,,,
225,FMA:8836,Left L3 spinal nerve posterior ramus,,"['FMA:8836', 'ILX:0786775']",,,,,
226,FMA:16405,Left L3 spinal nerve posterior ramus lateral branch,,"['FMA:16405', 'ILX:0788843']",,,,,
227,ILX:0795365,Left L4 branch to left common fibular part of sciatic nerve,,['ILX:0795365'],,,,,
228,ILX:0795355,Left L4 branch to left tibial part of sciatic nerve,,['ILX:0795355'],,,,,
229,FMA:65918,Left L4 grey ramus communicans,,,"['FMA:65913', 'ILX:0788536']",FMA:65913,Gray communicating ramus of fourth lumbar nerve,subClassOf,2
230,FMA:6420,Left L4 spinal nerve,,"['FMA:6420', 'ILX:0787065']",,,,,
231,ILX:0795367,Left L5 branch to left common fibular part of sciatic nerve,,['ILX:0795367'],,,,,
232,ILX:0795357,Left L5 branch to left tibial part of sciatic nerve,,['ILX:0795357'],,,,,
233,FMA:65916,Left L5 grey ramus communicans,,,"['FMA:65914', 'ILX:0785119']",FMA:65914,Gray communicating ramus of fifth lumbar nerve,subClassOf,2
234,FMA:6422,Left L5 spinal nerve,,"['FMA:6422', 'ILX:0789454']",,,,,
235,ILX:0795369,Left S1 branch to left common fibular part of sciatic nerve,,['ILX:0795369'],,,,,
236,ILX:0795359,Left S1 branch to left tibial part of sciatic nerve,,['ILX:0795359'],,,,,
237,FMA:65992,Left S1 grey ramus communicans,,,"['FMA:65986', 'ILX:0793228']",FMA:65986,Gray communicating ramus of first sacral nerve,subClassOf,2
238,ILX:0795177,Left S1 sacral splanchnic nerve,,['ILX:0795177'],,,,,
239,FMA:6429,Left S1 spinal nerve,,"['FMA:6429', 'ILX:0790445']",,,,,
240,ILX:0795371,Left S2 branch to left common fibular part of sciatic nerve,,['ILX:0795371'],,,,,
241,ILX:0795361,Left S2 branch to left tibial part of sciatic nerve,,['ILX:0795361'],,,,,
242,FMA:65994,Left S2 grey ramus communicans,,,"['FMA:65987', 'ILX:0793229']",FMA:65987,Gray communicating ramus of second sacral nerve,subClassOf,2
243,ILX:0795180,Left S2 sacral splanchnic nerve,,['ILX:0795180'],,,,,
244,FMA:6431,Left S2 spinal nerve,,"['FMA:6431', 'ILX:0786242']",,,,,
245,FMA:66036,Left S2 spinal nerve branch to left pudendal nerve,,,,,,,
246,ILX:0795363,Left S3 branch to left tibial part of sciatic nerve,,['ILX:0795363'],,,,,
247,FMA:65996,Left S3 grey ramus communicans,,,"['FMA:65988', 'ILX:0793230']",FMA:65988,Gray communicating ramus of third sacral nerve,subClassOf,2
248,FMA:6433,Left S3 spinal nerve,,"['FMA:6433', 'ILX:0792824']",,,,,
249,FMA:66039,Left S3 spinal nerve branch to left pudendal nerve,,,,,,,
250,FMA:65998,Left S4 grey ramus communicans,,,"['FMA:65989', 'ILX:0793231']",FMA:65989,Gray communicating ramus of fourth sacral nerve,subClassOf,2
251,FMA:6435,Left S4 spinal nerve,,"['FMA:6435', 'ILX:0787791']",,,,,
252,FMA:66046,Left S4 spinal nerve branch to left pudendal nerve,,,,,,,
253,FMA:66000,Left S5 grey ramus communicans,,,"['FMA:65990', 'ILX:0793232']",FMA:65990,Gray communicating ramus of fifth sacral nerve,subClassOf,2
254,FMA:6437,Left S5 spinal nerve,,"['FMA:6437', 'ILX:0788517']",,,,,
255,FMA:6084,Left T1 grey ramus communicans,,"['FMA:6084', 'ILX:0787836']",,,,,
256,FMA:6039,Left T1 spinal nerve,,"['FMA:6039', 'ILX:0788064']",,,,,
257,FMA:6071,Left T1 spinal nerve posterior ramus,,"['FMA:6071', 'ILX:0785509']",,,,,
258,FMA:11250,Left T1 spinal nerve posterior ramus medial branch,,"['FMA:11250', 'ILX:0787822']",,,,,
259,FMA:6085,Left T1 white ramus communicans,,"['FMA:6085', 'ILX:0790177']",,,,,
260,FMA:6895,Left T10 grey ramus communicans,,"['FMA:6895', 'ILX:0788881']",,,,,
261,FMA:6311,Left T10 spinal nerve,,"['FMA:6311', 'ILX:0785427']",,,,,
262,FMA:8824,Left T10 spinal nerve posterior ramus,,"['FMA:8824', 'ILX:0789719']",,,,,
263,FMA:11756,Left T10 spinal nerve posterior ramus lateral branch,,"['FMA:11756', 'ILX:0785316']",,,,,
264,FMA:6777,Left T10 white ramus communicans,,"['FMA:6777', 'ILX:0790059']",,,,,
265,FMA:6897,Left T11 grey ramus communicans,,"['FMA:6897', 'ILX:0785012']",,,,,
266,FMA:6314,Left T11 spinal nerve,,"['FMA:6314', 'ILX:0789848']",,,,,
267,FMA:8827,Left T11 spinal nerve posterior ramus,,"['FMA:8827', 'ILX:0790669']",,,,,
268,FMA:11758,Left T11 spinal nerve posterior ramus lateral branch,,"['FMA:11758', 'ILX:0788642']",,,,,
269,FMA:6779,Left T11 white ramus communicans,,"['FMA:6779', 'ILX:0785203']",,,,,
270,FMA:11788,Left T12 grey ramus communicans,,,"['FMA:14055', 'ILX:0788022']",FMA:14055,Gray communicating ramus of thoracic nerve,subClassOf,3
271,FMA:6183,Left T12 spinal nerve,,"['FMA:6183', 'ILX:0790834']",,,,,
272,FMA:8830,Left T12 spinal nerve posterior ramus,,"['FMA:8830', 'ILX:0792652']",,,,,
273,FMA:11760,Left T12 spinal nerve posterior ramus lateral branch,,"['FMA:11760', 'ILX:0789235']",,,,,
274,FMA:11789,Left T12 white ramus communicans,,,,,,,
275,FMA:6757,Left T2 grey ramus communicans,,"['FMA:6757', 'ILX:0788878']",,,,,
276,FMA:6089,Left T2 spinal nerve,,"['FMA:6089', 'ILX:0789698']",,,,,
277,FMA:6090,Left T2 spinal nerve posterior ramus,,"['FMA:6090', 'ILX:0792142']",,,,,
278,FMA:11253,Left T2 spinal nerve posterior ramus medial branch,,"['FMA:11253', 'ILX:0785962']",,,,,
279,FMA:6127,Left T2 white ramus communicans,,"['FMA:6127', 'ILX:0792582']",,,,,
280,FMA:6133,Left T3 grey ramus communicans,,"['FMA:6133', 'ILX:0786284']",,,,,
281,FMA:6117,Left T3 spinal nerve,,"['FMA:6117', 'ILX:0791381']",,,,,
282,FMA:6145,Left T3 spinal nerve posterior ramus,,"['FMA:6145', 'ILX:0786756']",,,,,
283,FMA:11039,Left T3 spinal nerve posterior ramus medial branch,,"['FMA:11039', 'ILX:0790085']",,,,,
284,FMA:6132,Left T3 white ramus communicans,,"['FMA:6132', 'ILX:0786149']",,,,,
285,FMA:6758,Left T4 grey ramus communicans,,"['FMA:6758', 'ILX:0787027']",,,,,
286,FMA:6292,Left T4 spinal nerve,,"['FMA:6292', 'ILX:0791893']",,,,,
287,FMA:6792,Left T4 spinal nerve posterior ramus,,"['FMA:6792', 'ILX:0790204']",,,,,
288,FMA:11092,Left T4 spinal nerve posterior ramus medial branch,,"['FMA:11092', 'ILX:0784410']",,,,,
289,FMA:6765,Left T4 white ramus communicans,,"['FMA:6765', 'ILX:0784975']",,,,,
290,FMA:6760,Left T5 grey ramus communicans,,"['FMA:6760', 'ILX:0785586']",,,,,
291,FMA:6295,Left T5 spinal nerve,,"['FMA:6295', 'ILX:0792079']",,,,,
292,FMA:8808,Left T5 spinal nerve posterior ramus,,"['FMA:8808', 'ILX:0784744']",,,,,
293,FMA:11154,Left T5 spinal nerve posterior ramus medial branch,,"['FMA:11154', 'ILX:0791683']",,,,,
294,FMA:6767,Left T5 white ramus communicans,,"['FMA:6767', 'ILX:0784717']",,,,,
295,FMA:6763,Left T6 grey ramus communicans,,"['FMA:6763', 'ILX:0785908']",,,,,
296,FMA:6298,Left T6 spinal nerve,,"['FMA:6298', 'ILX:0792687']",,,,,
297,FMA:8812,Left T6 spinal nerve posterior ramus,,"['FMA:8812', 'ILX:0791294']",,,,,
298,FMA:11262,Left T6 spinal nerve posterior ramus medial branch,,"['FMA:11262', 'ILX:0786423']",,,,,
300,FMA:6769,Left T6 white ramus communicans,,"['FMA:6769', 'ILX:0784809']",,,,,
301,FMA:6889,Left T7 grey ramus communicans,,"['FMA:6889', 'ILX:0784546']",,,,,
302,FMA:6301,Left T7 spinal nerve,,"['FMA:6301', 'ILX:0787961']",,,,,
303,FMA:8815,Left T7 spinal nerve posterior ramus,,"['FMA:8815', 'ILX:0791051']",,,,,
304,FMA:11687,Left T7 spinal nerve posterior ramus lateral branch,,"['FMA:11687', 'ILX:0784611']",,,,,
305,FMA:6771,Left T7 white ramus communicans,,"['FMA:6771', 'ILX:0789195']",,,,,
306,FMA:6891,Left T8 grey ramus communicans,,"['FMA:6891', 'ILX:0792485']",,,,,
307,FMA:6305,Left T8 spinal nerve,,"['FMA:6305', 'ILX:0788490']",,,,,
308,FMA:8818,Left T8 spinal nerve posterior ramus,,"['FMA:8818', 'ILX:0791921']",,,,,
309,FMA:11752,Left T8 spinal nerve posterior ramus lateral branch,,"['FMA:11752', 'ILX:0791289']",,,,,
310,FMA:6773,Left T8 white ramus communicans,,"['FMA:6773', 'ILX:0789865']",,,,,
311,FMA:6893,Left T9 grey ramus communicans,,"['FMA:6893', 'ILX:0787311']",,,,,
312,FMA:6308,Left T9 spinal nerve,,"['FMA:6308', 'ILX:0788523']",,,,,
313,FMA:8821,Left T9 spinal nerve posterior ramus,,"['FMA:8821', 'ILX:0791392']",,,,,
314,FMA:11754,Left T9 spinal nerve posterior ramus lateral branch,,"['FMA:11754', 'ILX:0787872']",,,,,
315,FMA:6775,Left T9 white ramus communicans,,"['FMA:6775', 'ILX:0786234']",,,,,
316,FMA:50899,Left accessory nerve,,"['FMA:50899', 'ILX:0787864']",,,,,
317,FMA:6218,Left accessory phrenic nerve,,,,,,,
318,ILX:0794578,Left ansa cervicalis,,,,,,,
319,FMA:53063,Left anterior division of mandibular nerve,,,,,,,
320,FMA:52677,Left anterior ethmoidal nerve,,,,,,,
321,FMA:45254,Left anterior femoral cutaneous branch A,,,,,,,
322,FMA:65326,Left anterior interosseous nerve,,,,,,,
323,ILX:0795160,Left anterior scrotal nerve,,['ILX:0795160'],,,,,
324,FMA:52942,Left anterior superior alveolar nerve,,,"['UBERON:0035646', 'FMA:52935', 'ILX:0731923']",FMA:52935,Anterior superior alveolar nerve,subClassOf,2
325,FMA:78650,Left anterior supraclavicular nerve,,,,,,,
326,FMA:53002,Left auriculotemporal nerve,,,"['FMA:53000', 'ILX:0793723']",FMA:53000,Auriculotemporal nerve,subClassOf,2
327,FMA:37074,Left axillary nerve,,,,,,,
328,FMA:81288,Left axillary nerve anterior branch,,,,,,,
329,FMA:81290,Left axillary nerve posterior branch,,,"['ILX:0741757', 'TAVIEWER:A14.2.03.061']",FMA:65303,Superior lateral cutaneous nerve of arm,branch_of,3
330,FMA:53068,Left buccal nerve,,,"['UBERON:0013646', 'FMA:53066', 'ILX:0733337']",FMA:53066,Buccal nerve,subClassOf,2
331,FMA:0328831,Left caroticotympanic nerve,,,,,,,
332,FMA:53509,Left carotid sinus nerve,,"['FMA:53509', 'ILX:0792731']",,,,,
333,ILX:0795352,Left coccygeal grey ramus communicans,,['ILX:0795352'],,,,,
334,FMA:6439,Left coccygeal spinal nerve,,"['FMA:6439', 'ILX:0786807']",,,,,
335,FMA:53433,Left cochlear nerve,,"['FMA:53433', 'ILX:0788705']",,,,,
336,FMA:45358,Left common fibular nerve,,"['FMA:45358', 'ILX:0784912']",,,,,
337,,Left common fibular part of sciatic nerve,,,,,,,
338,FMA:44893,Left common palmar digital nerve A,,,,,,,
339,ILX:0795139,Left common palmar digital nerve B,,['ILX:0795139'],,,,,
340,ILX:0795142,Left common palmar digital nerve C,,['ILX:0795142'],,,,,
341,,Left common plantar digital nerve B,,,,,,,
342,,Left common plantar digital nerve C,,,,,,,
343,,Left common plantar digital nerve D,,,,,,,
344,FMA:44735,Left common plantar digital nerve E,,,,,,,
345,FMA:44770,Left common plantar digital nerve F,,,,,,,
346,FMA:52674,Left communicating branch of nasociliary nerve with ciliary ganglion,,,,,,,
347,FMA:45388,Left deep fibular nerve,,,"['UBERON:0035207', 'FMA:44771', 'ILX:0733319']",FMA:44771,Deep fibular nerve,subClassOf,2
348,FMA:0328827,Left deep petrosal nerve,,,"['FMA:67549', 'ILX:0793713']",FMA:67549,Deep petrosal nerve,subClassOf,2
349,FMA:21880,Left dorsal nerve of penis,,,"['UBERON:0019197', 'FMA:21869', 'ILX:0725331']",FMA:21869,Dorsal nerve of penis,subClassOf,2
350,FMA:6739,Left eighth intercostal nerve,,"['FMA:6739', 'ILX:0791128']",,,,,
351,FMA:6745,Left eleventh intercostal nerve,,"['FMA:6745', 'ILX:0786143']",,,,,
352,FMA:53538,Left external laryngeal nerve,,,"['FMA:53566', 'ILX:0786669']",FMA:53566,Branch of left external laryngeal nerve to left cricothyroid,branch_of,2
353,FMA:53568,Left external laryngeal nerve branch to inferior pharyngeal constrictor,,"['FMA:53568', 'ILX:0789550']",,,,,
354,FMA:53570,Left external laryngeal nerve branch to pharyngeal plexus,,"['FMA:53570', 'ILX:0790963']",,,,,
355,FMA:50889,Left facial nerve,,"['FMA:50889', 'ILX:0792123']",,,,,
356,FMA:20635,Left femoral branch of genitofemoral nerve,,,['ILX:0794997'],FMA:16496,Femoral branch of genitofemoral nerve,subClassOf,2
357,FMA:16500,Left femoral nerve,,,,,,,
358,ILX:0795163,Left femoral nerve posterior division,,['ILX:0795163'],,,,,
359,FMA:6731,Left fifth intercostal nerve,,"['FMA:6731', 'ILX:0785767']",,,,,
360,FMA:6072,Left first intercostal nerve,,"['FMA:6072', 'ILX:0788357']",,,,,
361,FMA:6925,Left first lumbar splanchnic nerve,,,,,,,
362,FMA:6729,Left fourth intercostal nerve,,"['FMA:6729', 'ILX:0789275']",,,,,
363,FMA:6931,Left fourth lumbar splanchnic nerve,,,,,,,
364,FMA:52640,Left frontal nerve,,,"['UBERON:0022300', 'FMA:52668', 'ILX:0730231']",FMA:52668,Nasociliary nerve,branch_of,3
365,FMA:20633,Left genital branch of genitofemoral nerve,,,['ILX:0794998'],FMA:20560,Genital branch of genitofemoral nerve,subClassOf,2
366,FMA:20631,Left genitofemoral nerve,,,,,,,
367,ILX:0789473,Left glossopharyngeal nerve,,,,,,,
368,ILX:0794584,Left great auricular nerve,,,,,,,
369,FMA:55158,Left great auricular nerve anterior branch,,,,,,,
370,FMA:55160,Left great auricular nerve posterior branch,,,,,,,
371,FMA:6835,Left greater occipital nerve,,"['FMA:6835', 'ILX:0784626']",,,,,
373,FMA:52804,Left greater palatine nerve,,,,,,,
374,FMA:53424,Left greater petrosal nerve,,"['FMA:53424', 'ILX:0786547']",,,,,
375,FMA:6955,Left greater splanchnic nerve,,,,,,,
376,,Left hypogastric nerve,previously annotated to FMA:20605 (Anterior cutaneous branch of left iliohypogastric nerve),,,,,,
377,FMA:16492,Left iliohypogastric nerve,,,,,,,
378,FMA:16494,Left ilioinguinal nerve,,,,,,,
379,FMA:276381,Left incisive branch of inferior alveolar nerve,,,,,,,
380,FMA:53245,Left inferior alveolar nerve,,,"['UBERON:0018405', 'FMA:53243', 'ILX:0727735']",FMA:53243,Inferior alveolar nerve,subClassOf,2
381,FMA:44953,Left inferior lateral cutaneous nerve of arm,,,"['ILX:0741799', 'TAVIEWER:A14.2.03.051']",FMA:44949,Inferior lateral cutaneous nerve of arm,subClassOf,2
382,FMA:52988,Left inferior palpebral branch of infraorbital nerve,,,"['UBERON:0022296', 'FMA:52983', 'ILX:0728297']",FMA:52983,Inferior palpebral branch of infra-orbital nerve,subClassOf,2
383,FMA:21872,Left inferior rectal nerve,,,,,,,
384,FMA:52980,Left infraorbital nerve,,,"['UBERON:0018408', 'FMA:52978', 'ILX:0728014']",FMA:52978,Infra-orbital nerve,subClassOf,2
385,FMA:52699,Left infratrochlear nerve,,,,,,,
386,FMA:6121,Left intercostobrachial nerve,,,"['FMA:6066', 'ILX:0790481']",FMA:6066,Lateral cutaneous branch of intercostal nerve,subClassOf,3
387,FMA:45368,Left intermediate dorsal cutaneous nerve,,,,,,,
388,,Left internal carotid nerve,,,,,,,
389,FMA:53540,Left internal laryngeal nerve,,,"['FMA:53572', 'ILX:0789900']",FMA:53572,Communicating branch of left internal laryngeal nerve with left recurrent laryngeal nerve,branch_of,2
390,FMA:52630,Left lacrimal nerve,,,"['UBERON:0011096', 'FMA:52628', 'ILX:0728741']",FMA:52628,Lacrimal nerve,subClassOf,2
391,FMA:53548,Left laryngopharyngeal branch of superior cervical ganglion,,,"['FMA:6595', 'ILX:0792061']",FMA:6595,Laryngopharyngeal branch of superior cervical ganglion,subClassOf,2
392,FMA:45429,Left lateral calcaneal branch A of left sural nerve,,,,,,,
393,FMA:39084,Left lateral cutaneous nerve of forearm,,,"['ILX:0741885', 'TAVIEWER:A14.2.03.026']",FMA:39080,Lateral cutaneous nerve of forearm,subClassOf,2
394,ILX:0795118,Left lateral cutaneous nerve of forearm anterior branch,,['ILX:0795118'],,,,,
395,ILX:0795121,Left lateral cutaneous nerve of forearm posterior branch,,['ILX:0795121'],,,,,
396,FMA:45427,Left lateral dorsal cutaneous nerve,,,,,,,
397,FMA:45380,Left lateral dorsal digital nerve of the third toe,,,,,,,
398,FMA:16498,Left lateral femoral cutaneous nerve,,,,,,,
399,FMA:45451,Left lateral plantar nerve,,,"['UBERON:0035110', 'FMA:44724', 'ILX:0725215']",FMA:44724,Lateral plantar nerve,subClassOf,2
400,FMA:45362,Left lateral sural cutaneous nerve,,,"['ILX:0741744', 'TAVIEWER:A14.2.07.048']",FMA:44697,Lateral sural cutaneous nerve,subClassOf,2
401,FMA:6960,Left least splanchnic nerve,,,,,,,
402,FMA:65389,Left lesser occipital nerve,,,,,,,
403,FMA:52807,Left lesser palatine nerve,,,,,,,
404,FMA:53503,Left lesser petrosal nerve,,"['FMA:53503', 'ILX:0791855']",,,,,
405,FMA:6958,Left lesser splanchnic nerve,,,,,,,
406,FMA:53505,Left lingual branch of glossopharyngeal nerve,,,"['FMA:53490', 'ILX:0789633']",FMA:53490,Lingual branch of glossopharyngeal nerve,subClassOf,2
407,FMA:53220,Left lingual nerve,,,"['UBERON:0003721', 'FMA:53218', 'ILX:0734582']",FMA:53218,Lingual nerve,subClassOf,2
408,FMA:82735,Left long ciliary nerve A,,,"['UBERON:0022301', 'FMA:52691', 'ILX:0731914']",FMA:52691,Long ciliary nerve,subClassOf,2
409,FMA:52701,Left long ciliary nerve B,,,"['UBERON:0022301', 'FMA:52691', 'ILX:0731914']",FMA:52691,Long ciliary nerve,subClassOf,3
410,FMA:65282,Left long thoracic nerve,,,,,,,
411,FMA:65537,Left lumbosacral trunk,,,,,,,
412,FMA:52998,Left mandibular nerve,,"['FMA:52998', 'ILX:0788473']",,,,,
413,FMA:52726,Left maxillary nerve,,"['FMA:52726', 'ILX:0789106']",,,,,
414,FMA:65248,Left medial cutaneous nerve of arm,,,,,,,
415,FMA:39082,Left medial cutaneous nerve of forearm,,,,,,,
416,FMA:45366,Left medial dorsal cutaneous nerve,,,,,,,
417,FMA:45382,Left medial dorsal digital nerve of the fourth toe,,,,,,,
418,FMA:45435,Left medial plantar nerve,,,"['UBERON:0035111', 'FMA:44716', 'ILX:0727307']",FMA:44716,Medial plantar nerve,subClassOf,2
419,FMA:52787,Left medial posterior superior nasal nerve,,,,,,,
420,FMA:45423,Left medial sural cutaneous nerve,,,"['ILX:0741929', 'TAVIEWER:A14.2.07.061']",FMA:44687,Medial sural cutaneous nerve,subClassOf,2
421,,Left medial visceral branch of left T10 sympathetic ganglion,,,,,,,
422,,Left medial visceral branch of left T11 sympathetic ganglion,,,,,,,
423,,Left medial visceral branch of left T12 sympathetic ganglion,,,,,,,
424,,Left medial visceral branch of left T5 sympathetic ganglion,,,,,,,
425,,Left medial visceral branch of left T6 sympathetic ganglion,,,,,,,
426,,Left medial visceral branch of left T7 sympathetic ganglion,,,,,,,
427,,Left medial visceral branch of left T8 sympathetic ganglion,,,,,,,
428,,Left medial visceral branch of left T9 sympathetic ganglion,,,,,,,
429,FMA:37068,Left median nerve,,,,,,,
430,,Left meningeal branch of anterior ethmoidal nerve,,,,,,,
431,FMA:53049,Left meningeal branch of mandibular nerve,,,"['UBERON:0036143', 'FMA:53047', 'ILX:0736712']",FMA:53047,Meningeal branch of mandibular nerve,subClassOf,2
432,FMA:53252,Left mental nerve,,,"['UBERON:0018406', 'FMA:53250', 'ILX:0726662']",FMA:53250,Mental nerve,subClassOf,2
433,FMA:52730,Left middle meningeal nerve,,,,,,,
434,FMA:52940,Left middle superior alveolar nerve,,,"['UBERON:0018398', 'FMA:52930', 'ILX:0734741']",FMA:52930,Superior alveolar nerve,subClassOf,3
435,FMA:78653,Left middle supraclavicular nerve,,,,,,,
436,FMA:37066,Left musculocutaneous nerve,,,,,,,
437,FMA:52670,Left nasociliary nerve,,,"['UBERON:0022300', 'FMA:52668', 'ILX:0730231']",FMA:52668,Nasociliary nerve,subClassOf,2
438,FMA:52799,Left nasopalatine nerve,,,"['UBERON:0008810', 'FMA:52797', 'ILX:0725969']",FMA:52797,Nasopalatine nerve,subClassOf,2
439,ILX:0795102,Left nerve of the pterygoid canal,,['ILX:0795102'],,,,,
440,ILX:0795104,Left nervus intermedius,,['ILX:0795104'],,,,,
441,FMA:6741,Left ninth intercostal nerve,,"['FMA:6741', 'ILX:0789279']",,,,,
442,FMA:16502,Left obturator nerve,,,,,,,
443,FMA:50880,Left oculomotor nerve,,"['FMA:50880', 'ILX:0790283']",,,,,
444,FMA:52593,Left olfactory nerve,,,,,,,
445,FMA:52623,Left ophthalmic nerve,,"['FMA:52623', 'ILX:0791564']",,,,,
446,FMA:50878,Left optic nerve,,,,,,,
447,,Left orbital branch of maxillary nerve,,,,,,,
448,,Left palpebral branch of infraorbital nerve,,,,,,,
449,,Left palpebral branch of lacrimal nerve,,,,,,,
450,FMA:21874,Left perineal nerve,,,"['UBERON:0011391', 'FMA:21866', 'ILX:0724140']",FMA:21866,Perineal nerve,subClassOf,2
451,ILX:0795098,Left pharyngeal nerve,,['ILX:0795098'],,,,,
452,FMA:6193,Left phrenic nerve,,,,,,,
453,FMA:53280,Left posterior auricular nerve,,"['FMA:53280', 'ILX:0793040']",,,,,
454,FMA:44951,Left posterior cutaneous nerve of arm,,,['ILX:0795005'],FMA:44948,Posterior cutaneous nerve of arm,subClassOf,2
455,FMA:39147,Left posterior cutaneous nerve of forearm,,,,,,,
456,FMA:53065,Left posterior division of mandibular nerve,,,,,,,
457,FMA:52716,Left posterior ethmoidal nerve,,,,,,,
458,FMA:45339,Left posterior femoral cutaneous nerve,,,,,,,
459,FMA:65336,Left posterior interosseous nerve,,,['ILX:0794967'],FMA:77559,Posterior interosseous nerve,subClassOf,2
460,FMA:21876,Left posterior scrotal nerve,,,,,,,
461,FMA:52937,Left posterior superior alveolar nerve,,,"['UBERON:0018401', 'FMA:52931', 'ILX:0735882']",FMA:52931,Posterior superior alveolar nerve,subClassOf,2
462,FMA:52784,Left posterior superior lateral nasal branch of maxillary nerve,,,,,,,
463,FMA:78656,Left posterior supraclavicular nerve,,,,,,,
464,FMA:44899,Left proper palmar digital nerve A,,,,,,,
465,FMA:44905,Left proper palmar digital nerve B,,,,,,,
466,FMA:44902,Left proper palmar digital nerve C,,,,,,,
467,FMA:44871,Left proper palmar digital nerve D,,,,,,,
468,FMA:65348,Left proper palmar digital nerve E,,,,,,,
469,FMA:65346,Left proper palmar digital nerve F,,,,,,,
470,FMA:65344,Left proper palmar digital nerve G,,,,,,,
471,FMA:65342,Left proper palmar digital nerve H,,,,,,,
472,FMA:65340,Left proper palmar digital nerve I,,,,,,,
473,FMA:65338,Left proper palmar digital nerve J,,,,,,,
474,FMA:82953,Left proper plantar digital nerve A,,,,,,,
475,FMA:82955,Left proper plantar digital nerve B,,,,,,,
476,FMA:82957,Left proper plantar digital nerve C,,,,,,,
477,FMA:82959,Left proper plantar digital nerve D,,,,,,,
478,FMA:82961,Left proper plantar digital nerve E,,,,,,,
479,FMA:82963,Left proper plantar digital nerve F,,,,,,,
480,FMA:80026,Left proper plantar digital nerve G,,,,,,,
481,FMA:45453,Left proper plantar digital nerve H,,,,,,,
482,FMA:45455,Left proper plantar digital nerve I,,,,,,,
483,FMA:45457,Left proper plantar digital nerve J,,,,,,,
484,FMA:21864,Left pudendal nerve,,"['FMA:21864', 'ILX:0791486']",,,,,
485,FMA:37071,Left radial nerve,,,['ILX:0794967'],FMA:77559,Posterior interosseous nerve,branch_of,3
486,UBERON:0011766,Left recurrent laryngeal nerve,,,,,,,
487,FMA:45264,Left saphenous nerve,,,"['UBERON:0002475', 'FMA:45262', 'ILX:0733527']",FMA:45262,Saphenous nerve,subClassOf,2
488,FMA:22112,Left sciatic nerve,,"['FMA:22112', 'ILX:0787971']",,,,,
489,FMA:6093,Left second intercostal nerve,,"['FMA:6093', 'ILX:0784983']",,,,,
490,FMA:6927,Left second lumbar splanchnic nerve,,,,,,,
491,FMA:6737,Left seventh intercostal nerve,,"['FMA:6737', 'ILX:0791263']",,,,,
492,FMA:6733,Left sixth intercostal nerve,,"['FMA:6733', 'ILX:0791617']",,,,,
493,FMA:65286,Left subclavian nerve,,,,,,,
494,FMA:65569,Left subcostal nerve,,"['FMA:65569', 'ILX:0789453']",,,,,
495,FMA:292889,Left superficial branch of radial nerve,,,,,,,
496,,Left superficial branch of radial nerve lateral branch,,,,,,,
497,,Left superficial branch of radial nerve medial branch,,,,,,,
498,FMA:45364,Left superficial fibular nerve,,,"['UBERON:0035526', 'FMA:44699', 'ILX:0734483']",FMA:44699,Superficial fibular nerve,subClassOf,2
499,FMA:53546,Left superior cervical cardiac nerve,,,"['FMA:6594', 'ILX:0788549']",FMA:6594,Medial branch of superior cervical ganglion,subClassOf,3
500,FMA:52995,Left superior labial branch of infraorbital nerve,,,,,,,
501,FMA:53536,Left superior laryngeal nerve,,"['FMA:53536', 'ILX:0788780']",,,,,
502,FMA:81295,Left superior lateral cutaneous nerve of arm,,,"['ILX:0741757', 'TAVIEWER:A14.2.03.061']",FMA:65303,Superior lateral cutaneous nerve of arm,subClassOf,2
503,ILX:0794902,Left supraclavicular nerve,,,,,,,
504,FMA:52657,Left supraorbital nerve,,,,,,,
505,FMA:52644,Left supratrochlear nerve,,,,,,,
506,,Left sural communicating branch,,,,,,,
507,FMA:45425,Left sural nerve,,,"['UBERON:0015488', 'FMA:44688', 'ILX:0730090']",FMA:44688,Sural nerve,subClassOf,2
508,ILX:0792282,Left sympathetic trunk,,,,,,,
509,,Left sympathetic trunk branch to internal carotid nerve plexus,,,,,,,
510,FMA:6743,Left tenth intercostal nerve,,"['FMA:6743', 'ILX:0787917']",,,,,
511,FMA:52627,Left tentorial nerve,,,,,,,
512,FMA:6119,Left third intercostal nerve,,"['FMA:6119', 'ILX:0790356']",,,,,
513,FMA:6929,Left third lumbar splanchnic nerve,,,,,,,
514,FMA:6852,Left third occipital nerve,,"['FMA:6852', 'ILX:0786826']",,,,,
515,FMA:22110,Left tibial nerve,,"['FMA:22110', 'ILX:0791992']",,,,,
516,,Left tibial part of sciatic nerve,,,,,,,
517,FMA:55173,Left transverse cervical nerve,,['ILX:0794899'],,,,,
518,FMA:50885,Left trigeminal nerve,,"['FMA:50885', 'ILX:0792811']",,,,,
519,FMA:53482,Left tympanic nerve,,"['FMA:53482', 'ILX:0790207']",,,,,
520,FMA:37321,Left ulnar nerve,,,,,,,
521,UBERON:0035020,Left vagus nerve,,,,,,,
522,FMA:53409,Left vestibular nerve,,"['FMA:53409', 'ILX:0792150']",,,,,
523,FMA:52969,Left zygomatic nerve,,,"['FMA:52967', 'ILX:0793712']",FMA:52967,Zygomatic nerve,subClassOf,2
524,FMA:52977,Left zygomaticofacial nerve,,,,,,,
525,FMA:52975,Left zygomaticotemporal nerve,,,,,,,
526,FMA:53634,Lingual branch of left vagus nerve,,"['FMA:53634', 'ILX:0791548']",,,,,
527,FMA:53633,Lingual branch of right vagus nerve,,"['FMA:53633', 'ILX:0787083']",,,,,
528,FMA:53367,Marginal mandibular branch of left facial nerve,,"['FMA:53367', 'ILX:0789222']",,,,,
529,FMA:53366,Marginal mandibular branch of right facial nerve,,"['FMA:53366', 'ILX:0790890']",,,,,
530,FMA:45433,Medial calcaneal branch A of left tibial nerve,,,,,,,
531,FMA:45432,Medial calcaneal branch A of right tibial nerve,,,,,,,
532,ILX:0795168,Medial crural cutaneous nerve A of left saphenous nerve,,['ILX:0795168'],,,,,
533,ILX:0795167,Medial crural cutaneous nerve A of right saphenous nerve,,['ILX:0795167'],,,,,
534,ILX:0795136,Medial portion of left median nerve,,['ILX:0795136'],,,,,
535,ILX:0795135,Medial portion of right median nerve,,['ILX:0795135'],,,,,
536,FMA:305339,Medial root of left median nerve,,,,,,,
537,FMA:305337,Medial root of right median nerve,,,,,,,
538,FMA:53542,Meningeal branch of left vagus nerve,,,"['FMA:6231', 'ILX:0793828']",FMA:6231,Meningeal branch of vagus nerve,subClassOf,2
539,FMA:53541,Meningeal branch of right vagus nerve,,,"['FMA:6231', 'ILX:0793828']",FMA:6231,Meningeal branch of vagus nerve,subClassOf,2
540,,Middle ramus of left internal laryngeal nerve,,,,,,,
541,,Middle ramus of right internal laryngeal nerve,,,,,,,
542,FMA:53609,Oesophageal branch of left recurrent laryngeal nerve,,"['FMA:53609', 'ILX:0791513']",,,,,
543,FMA:53608,Oesophageal branch of right recurrent laryngeal nerve,,"['FMA:53608', 'ILX:0785794']",,,,,
544,FMA:52777,Orbital branch of left maxillary nerve to left ethmoidal sinus,,,,,,,
545,FMA:52779,Orbital branch of left maxillary nerve to left sphenoidal sinus,,,,,,,
546,FMA:52776,Orbital branch of right maxillary nerve to right ethmoidal sinus,,,,,,,
547,FMA:52778,Orbital branch of right maxillary nerve to right sphenoidal sinus,,,,,,,
548,FMA:65328,Palmar branch of left median nerve,,,"['UBERON:0016430', 'FMA:44836', 'ILX:0730626']",FMA:44836,Palmar branch of median nerve,subClassOf,2
549,FMA:65327,Palmar branch of right median nerve,,,"['UBERON:0016430', 'FMA:44836', 'ILX:0730626']",FMA:44836,Palmar branch of median nerve,subClassOf,2
550,FMA:65350,Palmar cutaneous branch of left ulnar nerve,,,,,,,
551,FMA:65349,Palmar cutaneous branch of right ulnar nerve,,,,,,,
552,FMA:291238,Pericardial branch of left phrenic nerve,,,,,,,
553,FMA:291236,Pericardial branch of right phrenic nerve,,,,,,,
554,ILX:0795171,Perineal branch A of left posterior femoral cutaneous nerve,,['ILX:0795171'],,,,,
555,ILX:0795170,Perineal branch A of right posterior femoral cutaneous nerve,,['ILX:0795170'],,,,,
556,ILX:0795174,Perineal branch B of left posterior femoral cutaneous nerve,,['ILX:0795174'],,,,,
557,ILX:0795173,Perineal branch B of right posterior femoral cutaneous nerve,,['ILX:0795173'],,,,,
558,FMA:53495,Pharyngeal branch of left glossopharyngeal nerve,,"['FMA:53495', 'ILX:0793073']",,,,,
559,FMA:53636,Pharyngeal branch of left vagus nerve to pharyngeal nerve plexus,,,"['FMA:6236', 'ILX:0790524']",FMA:6236,Pharyngeal branch of vagus nerve to pharyngeal nerve plexus,subClassOf,2
560,FMA:53494,Pharyngeal branch of right glossopharyngeal nerve,,"['FMA:53494', 'ILX:0792461']",,,,,
561,FMA:53635,Pharyngeal branch of right vagus nerve to pharyngeal nerve plexus,,,"['FMA:6236', 'ILX:0790524']",FMA:6236,Pharyngeal branch of vagus nerve to pharyngeal nerve plexus,subClassOf,2
562,ILX:0795113,Phrenicoabdominal branch of left phrenic nerve,,['ILX:0795113'],,,,,
563,ILX:0795112,Phrenicoabdominal branch of right phrenic nerve,,['ILX:0795112'],,,,,
564,FMA:8890,Posterior branch of lateral cutaneous branch of left eighth intercostal nerve,,,,,,,
565,FMA:7308,Posterior branch of lateral cutaneous branch of left eleventh intercostal nerve,,,,,,,
566,FMA:7297,Posterior branch of lateral cutaneous branch of left fifth intercostal nerve,,,,,,,
567,FMA:7130,Posterior branch of lateral cutaneous branch of left fourth intercostal nerve,,,,,,,
568,FMA:8901,Posterior branch of lateral cutaneous branch of left ninth intercostal nerve,,,,,,,
569,FMA:8879,Posterior branch of lateral cutaneous branch of left seventh intercostal nerve,,,,,,,
570,FMA:8868,Posterior branch of lateral cutaneous branch of left sixth intercostal nerve,,,,,,,
571,FMA:11555,Posterior branch of lateral cutaneous branch of left subcostal nerve,,,,,,,
572,FMA:8912,Posterior branch of lateral cutaneous branch of left tenth intercostal nerve,,,,,,,
573,FMA:7119,Posterior branch of lateral cutaneous branch of left third intercostal nerve,,,,,,,
574,FMA:8889,Posterior branch of lateral cutaneous branch of right eighth intercostal nerve,,,,,,,
575,FMA:7307,Posterior branch of lateral cutaneous branch of right eleventh intercostal nerve,,,,,,,
576,FMA:7296,Posterior branch of lateral cutaneous branch of right fifth intercostal nerve,,,,,,,
577,FMA:7129,Posterior branch of lateral cutaneous branch of right fourth intercostal nerve,,,,,,,
578,FMA:8900,Posterior branch of lateral cutaneous branch of right ninth intercostal nerve,,,,,,,
579,FMA:8878,Posterior branch of lateral cutaneous branch of right seventh intercostal nerve,,,,,,,
580,FMA:8867,Posterior branch of lateral cutaneous branch of right sixth intercostal nerve,,,,,,,
581,FMA:11554,Posterior branch of lateral cutaneous branch of right subcostal nerve,,,,,,,
582,FMA:8911,Posterior branch of lateral cutaneous branch of right tenth intercostal nerve,,,,,,,
583,FMA:7118,Posterior branch of lateral cutaneous branch of right third intercostal nerve,,,,,,,
584,ILX:0795073,Posterior branch of left inferior laryngeal nerve,,,,,,,
585,FMA:65316,Posterior branch of left medial cutaneous nerve of forearm,,,,,,,
586,FMA:45311,Posterior branch of left obturator nerve,,,,,,,
587,ILX:0795072,Posterior branch of right inferior laryngeal nerve,,,,,,,
588,FMA:65315,Posterior branch of right medial cutaneous nerve of forearm,,,,,,,
589,FMA:45310,Posterior branch of right obturator nerve,,,,,,,
590,ILX:0794858,Posterior esophageal vagus trunk,,,,,,,
591,ILX:0795079,Pulmonary branch A of left vagus nerve,,,,,,,
592,ILX:0795074,Pulmonary branch A of right vagus nerve,,,,,,,
593,ILX:0795080,Pulmonary branch B of left vagus nerve,,,,,,,
594,ILX:0795075,Pulmonary branch B of right vagus nerve,,,,,,,
595,ILX:0795081,Pulmonary branch C of left vagus nerve,,,,,,,
596,ILX:0795076,Pulmonary branch C of right vagus nerve,,,,,,,
597,ILX:0795082,Pulmonary branch D of left vagus nerve,,,,,,,
598,ILX:0795077,Pulmonary branch D of right vagus nerve,,,,,,,
599,ILX:0795078,Pulmonary branch E of right vagus nerve,,,,,,,
600,FMA:6677,Pyloric branch of greater posterior gastric nerve,,,,,,,
601,,Right C1 grey ramus communicans,,,,,,,
602,ILX:0794593,Right C1 spinal nerve,,,,,,,
603,FMA:55147,Right C1 spinal nerve branch to right ansa cervicalis,,,,,,,
604,,Right C2 grey ramus communicans,,,,,,,
605,ILX:0794596,Right C2 spinal nerve,,,,,,,
606,FMA:55149,Right C2 spinal nerve branch to right ansa cervicalis,,,,,,,
607,FMA:65398,Right C2 spinal nerve branch to right great auricular nerve,,,"['FMA:65397', 'ILX:0785269']",FMA:65397,C2 root of great auricular nerve,subClassOf,2
608,FMA:6821,Right C2 spinal nerve posterior ramus,,"['FMA:6821', 'ILX:0786093']",,,,,
609,,Right C3 grey ramus communicans,,,,,,,
610,ILX:0794599,Right C3 spinal nerve,,,,,,,
611,FMA:65401,Right C3 spinal nerve branch to right great auricular nerve,,,"['FMA:65400', 'ILX:0792725']",FMA:65400,C3 root of great auricular nerve,subClassOf,2
612,FMA:65437,Right C3 spinal nerve branch to right supraclavicular nerve,,,"['FMA:65433', 'ILX:0785918']",FMA:65433,C3 root of supraclavicular nerve,subClassOf,2
613,FMA:6842,Right C3 spinal nerve posterior ramus,,"['FMA:6842', 'ILX:0787174']",,,,,
614,FMA:6844,Right C3 spinal nerve posterior ramus medial branch,,"['FMA:6844', 'ILX:0785584']",,,,,
615,,Right C4 grey ramus communicans,,,,,,,
616,ILX:0794602,Right C4 spinal nerve,,,,,,,
617,FMA:8790,Right C4 spinal nerve posterior ramus,,"['FMA:8790', 'ILX:0788082']",,,,,
618,FMA:65739,Right C4 spinal nerve posterior ramus medial branch,,"['FMA:65739', 'ILX:0788319']",,,,,
619,,Right C5 grey ramus communicans,,,,,,,
620,ILX:0794605,Right C5 spinal nerve,,,,,,,
621,FMA:8794,Right C5 spinal nerve posterior ramus,,"['FMA:8794', 'ILX:0784857']",,,,,
622,FMA:65743,Right C5 spinal nerve posterior ramus medial branch,,"['FMA:65743', 'ILX:0784496']",,,,,
623,,Right C6 grey ramus communicans,,,,,,,
624,ILX:0794608,Right C6 spinal nerve,,,,,,,
625,FMA:8797,Right C6 spinal nerve posterior ramus,,"['FMA:8797', 'ILX:0789777']",,,,,
626,FMA:65747,Right C6 spinal nerve posterior ramus medial branch,,"['FMA:65747', 'ILX:0791228']",,,,,
627,,Right C7 grey ramus communicans,,,,,,,
628,ILX:0794611,Right C7 spinal nerve,,,,,,,
629,,Right C8 grey ramus communicans,,,,,,,
630,ILX:0794614,Right C8 spinal nerve,,,,,,,
631,FMA:65923,Right L1 grey ramus communicans,,,"['FMA:65910', 'ILX:0785825']",FMA:65910,Gray communicating ramus of first lumbar nerve,subClassOf,2
632,FMA:6410,Right L1 spinal nerve,,"['FMA:6410', 'ILX:0790855']",,,,,
633,FMA:65937,Right L1 spinal nerve branch to right genitofemoral nerve,,,,,,,
634,FMA:7077,Right L1 spinal nerve posterior ramus,,"['FMA:7077', 'ILX:0792634']",,,,,
635,FMA:16400,Right L1 spinal nerve posterior ramus lateral branch,,"['FMA:16400', 'ILX:0791337']",,,,,
636,FMA:16884,Right L1 white ramus communicans,,"['FMA:16884', 'ILX:0791910']",,,,,
637,FMA:65921,Right L2 grey ramus communicans,,,"['FMA:65911', 'ILX:0785733']",FMA:65911,Gray communicating ramus of second lumbar nerve,subClassOf,2
638,FMA:6412,Right L2 spinal nerve,,"['FMA:6412', 'ILX:0787929']",,,,,
639,ILX:0795372,Right L2 spinal nerve branch to right femoral nerve,,['ILX:0795372'],,,,,
640,FMA:65941,Right L2 spinal nerve branch to right genitofemoral nerve,,,,,,,
641,ILX:0795374,Right L2 spinal nerve branch to right lateral femoral cutaneous nerve,,['ILX:0795374'],,,,,
642,FMA:65948,Right L2 spinal nerve branch to right obturator nerve,,,,,,,
643,FMA:8832,Right L2 spinal nerve posterior ramus,,"['FMA:8832', 'ILX:0791645']",,,,,
644,FMA:16402,Right L2 spinal nerve posterior ramus lateral branch,,"['FMA:16402', 'ILX:0788137']",,,,,
645,FMA:16886,Right L2 white ramus communicans,,"['FMA:16886', 'ILX:0790534']",,,,,
646,FMA:65919,Right L3 grey ramus communicans,,,"['FMA:65912', 'ILX:0785932']",FMA:65912,Gray communicating ramus of third lumbar nerve,subClassOf,2
647,FMA:6417,Right L3 spinal nerve,,"['FMA:6417', 'ILX:0791242']",,,,,
648,FMA:8835,Right L3 spinal nerve posterior ramus,,"['FMA:8835', 'ILX:0786521']",,,,,
649,FMA:16404,Right L3 spinal nerve posterior ramus lateral branch,,"['FMA:16404', 'ILX:0786789']",,,,,
650,ILX:0795364,Right L4 branch to right common fibular part of sciatic nerve,,['ILX:0795364'],,,,,
651,ILX:0795354,Right L4 branch to right tibial part of sciatic nerve,,['ILX:0795354'],,,,,
652,FMA:65917,Right L4 grey ramus communicans,,,"['FMA:65913', 'ILX:0788536']",FMA:65913,Gray communicating ramus of fourth lumbar nerve,subClassOf,2
653,FMA:6419,Right L4 spinal nerve,,"['FMA:6419', 'ILX:0789630']",,,,,
654,ILX:0795366,Right L5 branch to right common fibular part of sciatic nerve,,['ILX:0795366'],,,,,
655,ILX:0795356,Right L5 branch to right tibial part of sciatic nerve,,['ILX:0795356'],,,,,
656,FMA:65915,Right L5 grey ramus communicans,,,"['FMA:65914', 'ILX:0785119']",FMA:65914,Gray communicating ramus of fifth lumbar nerve,subClassOf,2
657,FMA:6421,Right L5 spinal nerve,,"['FMA:6421', 'ILX:0788087']",,,,,
658,ILX:0795368,Right S1 branch to right common fibular part of sciatic nerve,,['ILX:0795368'],,,,,
659,ILX:0795358,Right S1 branch to right tibial part of sciatic nerve,,['ILX:0795358'],,,,,
660,FMA:65991,Right S1 grey ramus communicans,,,"['FMA:65986', 'ILX:0793228']",FMA:65986,Gray communicating ramus of first sacral nerve,subClassOf,2
661,ILX:0795176,Right S1 sacral splanchnic nerve,,['ILX:0795176'],,,,,
662,FMA:6428,Right S1 spinal nerve,,"['FMA:6428', 'ILX:0784617']",,,,,
663,ILX:0795370,Right S2 branch to right common fibular part of sciatic nerve,,['ILX:0795370'],,,,,
664,ILX:0795360,Right S2 branch to right tibial part of sciatic nerve,,['ILX:0795360'],,,,,
665,FMA:65993,Right S2 grey ramus communicans,,,"['FMA:65987', 'ILX:0793229']",FMA:65987,Gray communicating ramus of second sacral nerve,subClassOf,2
666,ILX:0795179,Right S2 sacral splanchnic nerve,,['ILX:0795179'],,,,,
667,FMA:6430,Right S2 spinal nerve,,"['FMA:6430', 'ILX:0790323']",,,,,
668,FMA:66035,Right S2 spinal nerve branch to right pudendal nerve,,,,,,,
669,ILX:0795362,Right S3 branch to right tibial part of sciatic nerve,,['ILX:0795362'],,,,,
670,FMA:65995,Right S3 grey ramus communicans,,,"['FMA:65988', 'ILX:0793230']",FMA:65988,Gray communicating ramus of third sacral nerve,subClassOf,2
671,FMA:6432,Right S3 spinal nerve,,"['FMA:6432', 'ILX:0787077']",,,,,
672,FMA:66038,Right S3 spinal nerve branch to right pudendal nerve,,,,,,,
673,FMA:65997,Right S4 grey ramus communicans,,,"['FMA:65989', 'ILX:0793231']",FMA:65989,Gray communicating ramus of fourth sacral nerve,subClassOf,2
674,FMA:6434,Right S4 spinal nerve,,"['FMA:6434', 'ILX:0786250']",,,,,
675,FMA:66045,Right S4 spinal nerve branch to right pudendal nerve,,,,,,,
676,FMA:65999,Right S5 grey ramus communicans,,,"['FMA:65990', 'ILX:0793232']",FMA:65990,Gray communicating ramus of fifth sacral nerve,subClassOf,2
677,FMA:6436,Right S5 spinal nerve,,"['FMA:6436', 'ILX:0787717']",,,,,
678,FMA:6082,Right T1 grey ramus communicans,,"['FMA:6082', 'ILX:0791865']",,,,,
679,FMA:6038,Right T1 spinal nerve,,"['FMA:6038', 'ILX:0788282']",,,,,
680,FMA:6070,Right T1 spinal nerve posterior ramus,,"['FMA:6070', 'ILX:0787179']",,,,,
681,FMA:11249,Right T1 spinal nerve posterior ramus medial branch,,"['FMA:11249', 'ILX:0788601']",,,,,
682,FMA:6083,Right T1 white ramus communicans,,"['FMA:6083', 'ILX:0789706']",,,,,
683,FMA:6894,Right T10 grey ramus communicans,,"['FMA:6894', 'ILX:0791007']",,,,,
684,FMA:6310,Right T10 spinal nerve,,"['FMA:6310', 'ILX:0787515']",,,,,
685,FMA:8823,Right T10 spinal nerve posterior ramus,,"['FMA:8823', 'ILX:0792349']",,,,,
686,FMA:11755,Right T10 spinal nerve posterior ramus lateral branch,,"['FMA:11755', 'ILX:0788019']",,,,,
687,FMA:6776,Right T10 white ramus communicans,,"['FMA:6776', 'ILX:0784598']",,,,,
688,FMA:6896,Right T11 grey ramus communicans,,"['FMA:6896', 'ILX:0784673']",,,,,
689,FMA:6313,Right T11 spinal nerve,,"['FMA:6313', 'ILX:0791664']",,,,,
690,FMA:8826,Right T11 spinal nerve posterior ramus,,"['FMA:8826', 'ILX:0793013']",,,,,
691,FMA:11757,Right T11 spinal nerve posterior ramus lateral branch,,"['FMA:11757', 'ILX:0788168']",,,,,
692,FMA:6778,Right T11 white ramus communicans,,"['FMA:6778', 'ILX:0790247']",,,,,
693,FMA:11780,Right T12 grey ramus communicans,,,"['FMA:14055', 'ILX:0788022']",FMA:14055,Gray communicating ramus of thoracic nerve,subClassOf,3
694,FMA:6182,Right T12 spinal nerve,,"['FMA:6182', 'ILX:0790330']",,,,,
695,FMA:8829,Right T12 spinal nerve posterior ramus,,"['FMA:8829', 'ILX:0791997']",,,,,
696,FMA:11759,Right T12 spinal nerve posterior ramus lateral branch,,"['FMA:11759', 'ILX:0788051']",,,,,
697,FMA:11781,Right T12 white ramus communicans,,,,,,,
698,FMA:6122,Right T2 grey ramus communicans,,"['FMA:6122', 'ILX:0792452']",,,,,
699,FMA:6088,Right T2 spinal nerve,,"['FMA:6088', 'ILX:0786267']",,,,,
700,FMA:6091,Right T2 spinal nerve posterior ramus,,"['FMA:6091', 'ILX:0786344']",,,,,
701,FMA:11252,Right T2 spinal nerve posterior ramus medial branch,,"['FMA:11252', 'ILX:0791529']",,,,,
702,FMA:6781,Right T2 white ramus communicans,,"['FMA:6781', 'ILX:0784453']",,,,,
703,FMA:6124,Right T3 grey ramus communicans,,"['FMA:6124', 'ILX:0788842']",,,,,
704,FMA:6116,Right T3 spinal nerve,,"['FMA:6116', 'ILX:0787393']",,,,,
705,FMA:8805,Right T3 spinal nerve posterior ramus,,"['FMA:8805', 'ILX:0785359']",,,,,
706,FMA:11018,Right T3 spinal nerve posterior ramus medial branch,,"['FMA:11018', 'ILX:0791747']",,,,,
707,FMA:6134,Right T3 white ramus communicans,,"['FMA:6134', 'ILX:0786631']",,,,,
708,FMA:6759,Right T4 grey ramus communicans,,"['FMA:6759', 'ILX:0785311']",,,,,
709,FMA:6291,Right T4 spinal nerve,,"['FMA:6291', 'ILX:0785052']",,,,,
710,FMA:6784,Right T4 spinal nerve posterior ramus,,"['FMA:6784', 'ILX:0789918']",,,,,
711,FMA:11063,Right T4 spinal nerve posterior ramus medial branch,,"['FMA:11063', 'ILX:0790881']",,,,,
712,FMA:6764,Right T4 white ramus communicans,,"['FMA:6764', 'ILX:0784621']",,,,,
713,FMA:6761,Right T5 grey ramus communicans,,"['FMA:6761', 'ILX:0787369']",,,,,
714,FMA:6294,Right T5 spinal nerve,,"['FMA:6294', 'ILX:0784405']",,,,,
715,FMA:8807,Right T5 spinal nerve posterior ramus,,"['FMA:8807', 'ILX:0787767']",,,,,
716,FMA:11153,Right T5 spinal nerve posterior ramus medial branch,,"['FMA:11153', 'ILX:0792309']",,,,,
717,FMA:6766,Right T5 white ramus communicans,,"['FMA:6766', 'ILX:0791498']",,,,,
718,FMA:6762,Right T6 grey ramus communicans,,"['FMA:6762', 'ILX:0792099']",,,,,
719,FMA:6297,Right T6 spinal nerve,,"['FMA:6297', 'ILX:0792459']",,,,,
720,FMA:8811,Right T6 spinal nerve posterior ramus,,"['FMA:8811', 'ILX:0785887']",,,,,
721,FMA:11261,Right T6 spinal nerve posterior ramus medial branch,,"['FMA:11261', 'ILX:0790554']",,,,,
722,FMA:6768,Right T6 white ramus communicans,,"['FMA:6768', 'ILX:0792201']",,,,,
723,FMA:6888,Right T7 grey ramus communicans,,"['FMA:6888', 'ILX:0792878']",,,,,
724,FMA:6300,Right T7 spinal nerve,,"['FMA:6300', 'ILX:0791174']",,,,,
725,FMA:8814,Right T7 spinal nerve posterior ramus,,"['FMA:8814', 'ILX:0785737']",,,,,
726,FMA:11681,Right T7 spinal nerve posterior ramus lateral branch,,"['FMA:11681', 'ILX:0787184']",,,,,
727,FMA:6770,Right T7 white ramus communicans,,"['FMA:6770', 'ILX:0786071']",,,,,
728,FMA:6890,Right T8 grey ramus communicans,,"['FMA:6890', 'ILX:0785921']",,,,,
729,FMA:6303,Right T8 spinal nerve,,"['FMA:6303', 'ILX:0786564']",,,,,
730,FMA:8817,Right T8 spinal nerve posterior ramus,,"['FMA:8817', 'ILX:0788685']",,,,,
731,FMA:11751,Right T8 spinal nerve posterior ramus lateral branch,,"['FMA:11751', 'ILX:0787068']",,,,,
732,FMA:6772,Right T8 white ramus communicans,,"['FMA:6772', 'ILX:0792831']",,,,,
733,FMA:6892,Right T9 grey ramus communicans,,"['FMA:6892', 'ILX:0787012']",,,,,
734,FMA:6307,Right T9 spinal nerve,,"['FMA:6307', 'ILX:0789063']",,,,,
735,FMA:8820,Right T9 spinal nerve posterior ramus,,"['FMA:8820', 'ILX:0792136']",,,,,
736,FMA:11753,Right T9 spinal nerve posterior ramus lateral branch,,"['FMA:11753', 'ILX:0787447']",,,,,
737,FMA:6774,Right T9 white ramus communicans,,"['FMA:6774', 'ILX:0786061']",,,,,
738,FMA:50897,Right accessory nerve,,"['FMA:50897', 'ILX:0785210']",,,,,
739,FMA:6217,Right accessory phrenic nerve,,,,,,,
740,ILX:0794577,Right ansa cervicalis,,,,,,,
741,FMA:53062,Right anterior division of mandibular nerve,,,,,,,
742,FMA:52676,Right anterior ethmoidal nerve,,,,,,,
743,FMA:45253,Right anterior femoral cutaneous branch A,,,,,,,
744,FMA:65325,Right anterior interosseous nerve,,,,,,,
745,ILX:0795159,Right anterior scrotal nerve,,['ILX:0795159'],,,,,
746,FMA:52941,Right anterior superior alveolar nerve,,,"['UBERON:0035646', 'FMA:52935', 'ILX:0731923']",FMA:52935,Anterior superior alveolar nerve,subClassOf,2
747,FMA:78649,Right anterior supraclavicular nerve,,,,,,,
748,FMA:53001,Right auriculotemporal nerve,,,"['FMA:53000', 'ILX:0793723']",FMA:53000,Auriculotemporal nerve,subClassOf,2
749,FMA:37073,Right axillary nerve,,,,,,,
750,FMA:81287,Right axillary nerve anterior branch,,,,,,,
751,FMA:81289,Right axillary nerve posterior branch,,,"['ILX:0741757', 'TAVIEWER:A14.2.03.061']",FMA:65303,Superior lateral cutaneous nerve of arm,branch_of,3
752,FMA:53067,Right buccal nerve,,,"['UBERON:0013646', 'FMA:53066', 'ILX:0733337']",FMA:53066,Buccal nerve,subClassOf,2
753,FMA:0328830,Right caroticotympanic nerve,,,,,,,
754,FMA:53508,Right carotid sinus nerve,,"['FMA:53508', 'ILX:0786650']",,,,,
755,ILX:0795353,Right coccygeal grey ramus communicans,,['ILX:0795353'],,,,,
756,FMA:6438,Right coccygeal spinal nerve,,"['FMA:6438', 'ILX:0784847']",,,,,
757,FMA:53432,Right cochlear nerve,,"['FMA:53432', 'ILX:0790324']",,,,,
758,FMA:45357,Right common fibular nerve,,"['FMA:45357', 'ILX:0791510']",,,,,
759,,Right common fibular part of sciatic nerve,,,,,,,
760,FMA:44892,Right common palmar digital nerve A,,,,,,,
761,ILX:0795138,Right common palmar digital nerve B,,['ILX:0795138'],,,,,
762,ILX:0795141,Right common palmar digital nerve C,,['ILX:0795141'],,,,,
763,,Right common plantar digital nerve B,,,,,,,
764,,Right common plantar digital nerve C,,,,,,,
765,,Right common plantar digital nerve D,,,,,,,
766,FMA:44734,Right common plantar digital nerve E,,,,,,,
767,FMA:44769,Right common plantar digital nerve F,,,,,,,
768,FMA:52673,Right communicating branch of nasociliary nerve with ciliary ganglion,,,,,,,
769,FMA:45387,Right deep fibular nerve,,,"['UBERON:0035207', 'FMA:44771', 'ILX:0733319']",FMA:44771,Deep fibular nerve,subClassOf,2
770,FMA:0328826,Right deep petrosal nerve,,,"['FMA:67549', 'ILX:0793713']",FMA:67549,Deep petrosal nerve,subClassOf,2
771,FMA:21879,Right dorsal nerve of penis,,,"['UBERON:0019197', 'FMA:21869', 'ILX:0725331']",FMA:21869,Dorsal nerve of penis,subClassOf,2
772,FMA:6738,Right eighth intercostal nerve,,"['FMA:6738', 'ILX:0791272']",,,,,
773,FMA:6744,Right eleventh intercostal nerve,,"['FMA:6744', 'ILX:0788489']",,,,,
774,FMA:53537,Right external laryngeal nerve,,,"['FMA:53567', 'ILX:0790936']",FMA:53567,Branch of right external laryngeal nerve to right inferior pharyngeal constrictor,branch_of,2
775,FMA:53567,Right external laryngeal nerve branch to inferior pharyngeal constrictor,,"['FMA:53567', 'ILX:0790936']",,,,,
776,FMA:53569,Right external laryngeal nerve branch to pharyngeal plexus,,"['FMA:53569', 'ILX:0787745']",,,,,
777,FMA:50888,Right facial nerve,,"['FMA:50888', 'ILX:0791475']",,,,,
778,FMA:20634,Right femoral branch of genitofemoral nerve,,,['ILX:0794997'],FMA:16496,Femoral branch of genitofemoral nerve,subClassOf,2
779,FMA:16499,Right femoral nerve,,,,,,,
780,ILX:0795162,Right femoral nerve posterior division,,['ILX:0795162'],,,,,
781,FMA:6730,Right fifth intercostal nerve,,"['FMA:6730', 'ILX:0787824']",,,,,
782,FMA:6073,Right first intercostal nerve,,"['FMA:6073', 'ILX:0790464']",,,,,
783,FMA:6924,Right first lumbar splanchnic nerve,,,,,,,
784,FMA:6728,Right fourth intercostal nerve,,"['FMA:6728', 'ILX:0791393']",,,,,
785,FMA:6930,Right fourth lumbar splanchnic nerve,,,,,,,
786,FMA:52639,Right frontal nerve,,,"['UBERON:0022300', 'FMA:52668', 'ILX:0730231']",FMA:52668,Nasociliary nerve,branch_of,3
787,FMA:20632,Right genital branch of genitofemoral nerve,,,['ILX:0794998'],FMA:20560,Genital branch of genitofemoral nerve,subClassOf,2
788,FMA:20630,Right genitofemoral nerve,,,,,,,
789,ILX:0791729,Right glossopharyngeal nerve,,,,,,,
790,ILX:0794583,Right great auricular nerve,,,,,,,
791,FMA:55157,Right great auricular nerve anterior branch,,,,,,,
792,FMA:55159,Right great auricular nerve posterior branch,,,,,,,
793,FMA:65444,Right greater occipital nerve,,"['FMA:65444', 'ILX:0790361']",,,,,
795,FMA:52803,Right greater palatine nerve,,,,,,,
796,FMA:53423,Right greater petrosal nerve,,"['FMA:53423', 'ILX:0788496']",,,,,
797,FMA:6956,Right greater splanchnic nerve,,,,,,,
798,,Right hypogastric nerve,previously annotated to FMA:20604 (Anterior cutaneous branch of right iliohypogastric nerve),,,,,,
799,FMA:16491,Right iliohypogastric nerve,,,,,,,
800,FMA:16493,Right ilioinguinal nerve,,,,,,,
801,FMA:276379,Right incisive branch of inferior alveolar nerve,,,,,,,
802,FMA:53244,Right inferior alveolar nerve,,,"['UBERON:0018405', 'FMA:53243', 'ILX:0727735']",FMA:53243,Inferior alveolar nerve,subClassOf,2
803,FMA:44952,Right inferior lateral cutaneous nerve of arm,,,"['ILX:0741799', 'TAVIEWER:A14.2.03.051']",FMA:44949,Inferior lateral cutaneous nerve of arm,subClassOf,2
804,FMA:52987,Right inferior palpebral branch of infraorbital nerve,,,"['UBERON:0022296', 'FMA:52983', 'ILX:0728297']",FMA:52983,Inferior palpebral branch of infra-orbital nerve,subClassOf,2
805,FMA:21871,Right inferior rectal nerve,,,,,,,
806,FMA:52979,Right infraorbital nerve,,,"['UBERON:0018408', 'FMA:52978', 'ILX:0728014']",FMA:52978,Infra-orbital nerve,subClassOf,2
807,FMA:52698,Right infratrochlear nerve,,,,,,,
808,FMA:11308,Right intercostobrachial nerve,,,"['FMA:6066', 'ILX:0790481']",FMA:6066,Lateral cutaneous branch of intercostal nerve,subClassOf,3
809,FMA:45367,Right intermediate dorsal cutaneous nerve,,,,,,,
810,,Right internal carotid nerve,,,,,,,
811,FMA:53539,Right internal laryngeal nerve,,,"['FMA:53585', 'ILX:0785417']",FMA:53585,Lower branch of right internal laryngeal nerve to right arytenoideus,branch_of,2
812,FMA:52629,Right lacrimal nerve,,,"['UBERON:0011096', 'FMA:52628', 'ILX:0728741']",FMA:52628,Lacrimal nerve,subClassOf,2
813,FMA:53547,Right laryngopharyngeal branch of superior cervical ganglion,,,"['FMA:6595', 'ILX:0792061']",FMA:6595,Laryngopharyngeal branch of superior cervical ganglion,subClassOf,2
814,FMA:45428,Right lateral calcaneal branch A of right sural nerve,,,,,,,
815,FMA:39083,Right lateral cutaneous nerve of forearm,,,"['ILX:0741885', 'TAVIEWER:A14.2.03.026']",FMA:39080,Lateral cutaneous nerve of forearm,subClassOf,2
816,ILX:0795117,Right lateral cutaneous nerve of forearm anterior branch,,['ILX:0795117'],,,,,
817,ILX:0795120,Right lateral cutaneous nerve of forearm posterior branch,,['ILX:0795120'],,,,,
818,FMA:45426,Right lateral dorsal cutaneous nerve,,,,,,,
819,FMA:45379,Right lateral dorsal digital nerve of the third toe,,,,,,,
820,FMA:16497,Right lateral femoral cutaneous nerve,,,,,,,
821,FMA:45450,Right lateral plantar nerve,,,"['UBERON:0035110', 'FMA:44724', 'ILX:0725215']",FMA:44724,Lateral plantar nerve,subClassOf,2
822,FMA:45361,Right lateral sural cutaneous nerve,,,"['ILX:0741744', 'TAVIEWER:A14.2.07.048']",FMA:44697,Lateral sural cutaneous nerve,subClassOf,2
823,FMA:6959,Right least splanchnic nerve,,,,,,,
824,FMA:65388,Right lesser occipital nerve,,"['FMA:65388', 'ILX:0788591']",,,,,
825,FMA:52806,Right lesser palatine nerve,,,,,,,
826,FMA:53502,Right lesser petrosal nerve,,"['FMA:53502', 'ILX:0784458']",,,,,
827,FMA:6957,Right lesser splanchnic nerve,,,,,,,
828,FMA:53504,Right lingual branch of glossopharyngeal nerve,,,"['FMA:53490', 'ILX:0789633']",FMA:53490,Lingual branch of glossopharyngeal nerve,subClassOf,2
829,FMA:53219,Right lingual nerve,,,"['UBERON:0003721', 'FMA:53218', 'ILX:0734582']",FMA:53218,Lingual nerve,subClassOf,2
830,FMA:82734,Right long ciliary nerve A,,,"['UBERON:0022301', 'FMA:52691', 'ILX:0731914']",FMA:52691,Long ciliary nerve,subClassOf,2
831,FMA:52700,Right long ciliary nerve B,,,"['UBERON:0022301', 'FMA:52691', 'ILX:0731914']",FMA:52691,Long ciliary nerve,subClassOf,3
832,FMA:65281,Right long thoracic nerve,,,,,,,
833,FMA:65536,Right lumbosacral trunk,,,,,,,
834,FMA:52997,Right mandibular nerve,,"['FMA:52997', 'ILX:0793008']",,,,,
835,FMA:52725,Right maxillary nerve,,"['FMA:52725', 'ILX:0791027']",,,,,
836,FMA:65247,Right medial cutaneous nerve of arm,,,,,,,
837,FMA:39081,Right medial cutaneous nerve of forearm,,,,,,,
838,FMA:45365,Right medial dorsal cutaneous nerve,,,,,,,
839,FMA:45381,Right medial dorsal digital nerve of the fourth toe,,,,,,,
840,FMA:45434,Right medial plantar nerve,,,"['UBERON:0035111', 'FMA:44716', 'ILX:0727307']",FMA:44716,Medial plantar nerve,subClassOf,2
841,FMA:52786,Right medial posterior superior nasal nerve,,,,,,,
842,FMA:45422,Right medial sural cutaneous nerve,,,"['ILX:0741929', 'TAVIEWER:A14.2.07.061']",FMA:44687,Medial sural cutaneous nerve,subClassOf,2
843,,Right medial visceral branch of right T10 sympathetic ganglion,,,,,,,
844,,Right medial visceral branch of right T11 sympathetic ganglion,,,,,,,
845,,Right medial visceral branch of right T12 sympathetic ganglion,,,,,,,
846,,Right medial visceral branch of right T5 sympathetic ganglion,,,,,,,
847,,Right medial visceral branch of right T6 sympathetic ganglion,,,,,,,
848,,Right medial visceral branch of right T7 sympathetic ganglion,,,,,,,
849,,Right medial visceral branch of right T8 sympathetic ganglion,,,,,,,
850,,Right medial visceral branch of right T9 sympathetic ganglion,,,,,,,
851,FMA:37067,Right median nerve,,,,,,,
852,,Right meningeal branch of anterior ethmoidal nerve,,,,,,,
853,FMA:53048,Right meningeal branch of mandibular nerve,,,"['UBERON:0036143', 'FMA:53047', 'ILX:0736712']",FMA:53047,Meningeal branch of mandibular nerve,subClassOf,2
854,FMA:53251,Right mental nerve,,,"['UBERON:0018406', 'FMA:53250', 'ILX:0726662']",FMA:53250,Mental nerve,subClassOf,2
855,FMA:52729,Right middle meningeal nerve,,,,,,,
856,FMA:52939,Right middle superior alveolar nerve,,,"['UBERON:0018398', 'FMA:52930', 'ILX:0734741']",FMA:52930,Superior alveolar nerve,subClassOf,3
857,FMA:78652,Right middle supraclavicular nerve,,,,,,,
858,FMA:37065,Right musculocutaneous nerve,,,,,,,
859,FMA:52669,Right nasociliary nerve,,,"['UBERON:0022300', 'FMA:52668', 'ILX:0730231']",FMA:52668,Nasociliary nerve,subClassOf,2
860,FMA:52798,Right nasopalatine nerve,,,"['UBERON:0008810', 'FMA:52797', 'ILX:0725969']",FMA:52797,Nasopalatine nerve,subClassOf,2
861,ILX:0795101,Right nerve of the pterygoid canal,,['ILX:0795101'],,,,,
862,ILX:0795103,Right nervus intermedius,,['ILX:0795103'],,,,,
863,FMA:6740,Right ninth intercostal nerve,,"['FMA:6740', 'ILX:0788417']",,,,,
864,FMA:16501,Right obturator nerve,,,,,,,
865,FMA:50879,Right oculomotor nerve,,"['FMA:50879', 'ILX:0786853']",,,,,
866,FMA:52592,Right olfactory nerve,,,,,,,
867,FMA:52622,Right ophthalmic nerve,,"['FMA:52622', 'ILX:0789469']",,,,,
868,FMA:50875,Right optic nerve,,,,,,,
869,,Right orbital branch of maxillary nerve,,,,,,,
870,,Right palpebral branch of infraorbital nerve,,,,,,,
871,,Right palpebral branch of lacrimal nerve,,,,,,,
872,FMA:21873,Right perineal nerve,,,"['UBERON:0011391', 'FMA:21866', 'ILX:0724140']",FMA:21866,Perineal nerve,subClassOf,2
873,ILX:0795097,Right pharyngeal nerve,,['ILX:0795097'],,,,,
874,FMA:6192,Right phrenic nerve,,,,,,,
875,FMA:53279,Right posterior auricular nerve,,"['FMA:53279', 'ILX:0793009']",,,,,
876,FMA:44950,Right posterior cutaneous nerve of arm,,,['ILX:0795005'],FMA:44948,Posterior cutaneous nerve of arm,subClassOf,2
877,FMA:39146,Right posterior cutaneous nerve of forearm,,,,,,,
878,FMA:53064,Right posterior division of mandibular nerve,,,,,,,
879,FMA:52715,Right posterior ethmoidal nerve,,,,,,,
880,FMA:45338,Right posterior femoral cutaneous nerve,,,,,,,
881,FMA:65335,Right posterior interosseous nerve,,,['ILX:0794967'],FMA:77559,Posterior interosseous nerve,subClassOf,2
882,FMA:21875,Right posterior scrotal nerve,,,,,,,
883,FMA:52936,Right posterior superior alveolar nerve,,,"['UBERON:0018401', 'FMA:52931', 'ILX:0735882']",FMA:52931,Posterior superior alveolar nerve,subClassOf,2
884,FMA:52785,Right posterior superior lateral nasal branch of maxillary nerve,,,,,,,
885,FMA:78655,Right posterior supraclavicular nerve,,,,,,,
886,FMA:44898,Right proper palmar digital nerve A,,,,,,,
887,FMA:44904,Right proper palmar digital nerve B,,,,,,,
888,FMA:44901,Right proper palmar digital nerve C,,,,,,,
889,FMA:44870,Right proper palmar digital nerve D,,,,,,,
890,FMA:65347,Right proper palmar digital nerve E,,,,,,,
891,FMA:65345,Right proper palmar digital nerve F,,,,,,,
892,FMA:65343,Right proper palmar digital nerve G,,,,,,,
893,FMA:65341,Right proper palmar digital nerve H,,,,,,,
894,FMA:65339,Right proper palmar digital nerve I,,,,,,,
895,FMA:65337,Right proper palmar digital nerve J,,,,,,,
896,FMA:82952,Right proper plantar digital nerve A,,,,,,,
897,FMA:82954,Right proper plantar digital nerve B,,,,,,,
898,FMA:82956,Right proper plantar digital nerve C,,,,,,,
899,FMA:82958,Right proper plantar digital nerve D,,,,,,,
900,FMA:82960,Right proper plantar digital nerve E,,,,,,,
901,FMA:82962,Right proper plantar digital nerve F,,,,,,,
902,FMA:80025,Right proper plantar digital nerve G,,,,,,,
903,FMA:45452,Right proper plantar digital nerve H,,,,,,,
904,FMA:45454,Right proper plantar digital nerve I,,,,,,,
905,FMA:45456,Right proper plantar digital nerve J,,,,,,,
906,FMA:21863,Right pudendal nerve,,"['FMA:21863', 'ILX:0784920']",,,,,
907,FMA:37070,Right radial nerve,,,['ILX:0794967'],FMA:77559,Posterior interosseous nerve,branch_of,3
908,UBERON:0011767,Right recurrent laryngeal nerve,,,,,,,
909,FMA:45263,Right saphenous nerve,,,"['UBERON:0002475', 'FMA:45262', 'ILX:0733527']",FMA:45262,Saphenous nerve,subClassOf,2
910,FMA:22111,Right sciatic nerve,,"['FMA:22111', 'ILX:0785820']",,,,,
911,FMA:6092,Right second intercostal nerve,,"['FMA:6092', 'ILX:0789993']",,,,,
912,FMA:6926,Right second lumbar splanchnic nerve,,,,,,,
913,FMA:6736,Right seventh intercostal nerve,,"['FMA:6736', 'ILX:0790586']",,,,,
914,FMA:6732,Right sixth intercostal nerve,,"['FMA:6732', 'ILX:0791724']",,,,,
915,FMA:65285,Right subclavian nerve,,,,,,,
916,FMA:65568,Right subcostal nerve,,"['FMA:65568', 'ILX:0792128']",,,,,
917,FMA:292887,Right superficial branch of radial nerve,,,,,,,
918,,Right superficial branch of radial nerve lateral branch,,,,,,,
919,,Right superficial branch of radial nerve medial branch,,,,,,,
920,FMA:45363,Right superficial fibular nerve,,,"['UBERON:0035526', 'FMA:44699', 'ILX:0734483']",FMA:44699,Superficial fibular nerve,subClassOf,2
921,FMA:53545,Right superior cervical cardiac nerve,,,"['FMA:6594', 'ILX:0788549']",FMA:6594,Medial branch of superior cervical ganglion,subClassOf,3
922,FMA:52994,Right superior labial branch of infraorbital nerve,,,,,,,
923,FMA:53530,Right superior laryngeal nerve,,"['FMA:53530', 'ILX:0787738']",,,,,
924,FMA:81294,Right superior lateral cutaneous nerve of arm,,,"['ILX:0741757', 'TAVIEWER:A14.2.03.061']",FMA:65303,Superior lateral cutaneous nerve of arm,subClassOf,2
925,ILX:0794901,Right supraclavicular nerve,,,,,,,
926,FMA:52656,Right supraorbital nerve,,,,,,,
927,FMA:52643,Right supratrochlear nerve,,,,,,,
928,,Right sural communicating branch,,,,,,,
929,FMA:45424,Right sural nerve,,,"['UBERON:0015488', 'FMA:44688', 'ILX:0730090']",FMA:44688,Sural nerve,subClassOf,2
930,ILX:0786761,Right sympathetic trunk,,,,,,,
931,,Right sympathetic trunk branch to internal carotid nerve plexus,,,,,,,
932,FMA:6742,Right tenth intercostal nerve,,"['FMA:6742', 'ILX:0788578']",,,,,
933,FMA:52626,Right tentorial nerve,,,,,,,
934,FMA:6118,Right third intercostal nerve,,"['FMA:6118', 'ILX:0786349']",,,,,
935,FMA:6928,Right third lumbar splanchnic nerve,,,,,,,
936,FMA:6845,Right third occipital nerve,,"['FMA:6845', 'ILX:0792919']",,,,,
937,FMA:22109,Right tibial nerve,,"['FMA:22109', 'ILX:0791005']",,,,,
938,,Right tibial part of sciatic nerve,,,,,,,
939,FMA:55172,Right transverse cervical nerve,,,,,,,
940,FMA:50884,Right trigeminal nerve,,"['FMA:50884', 'ILX:0792877']",,,,,
941,FMA:53481,Right tympanic nerve,,"['FMA:53481', 'ILX:0786889']",,,,,
942,FMA:37320,Right ulnar nerve,,,,,,,
943,UBERON:0035021,Right vagus nerve,,,,,,,
944,FMA:53402,Right vestibular nerve,,"['FMA:53402', 'ILX:0788963']",,,,,
945,FMA:52968,Right zygomatic nerve,,,"['FMA:52967', 'ILX:0793712']",FMA:52967,Zygomatic nerve,subClassOf,2
946,FMA:52976,Right zygomaticofacial nerve,,,,,,,
947,FMA:52974,Right zygomaticotemporal nerve,,,,,,,
948,FMA:44932,Superficial branch of left ulnar nerve,,,,,,,
949,FMA:44894,Superficial branch of right ulnar nerve,,,,,,,
950,FMA:53599,Superior cervical cardiac branch of left vagus nerve,,"['FMA:53599', 'ILX:0791998']",,,,,
951,FMA:53598,Superior cervical cardiac branch of right vagus nerve,,"['FMA:53598', 'ILX:0786396']",,,,,
952,ILX:0785786,Superior ramus of left internal laryngeal nerve,,,,,,,
953,ILX:0784524,Superior ramus of right internal laryngeal nerve,,,,,,,
954,FMA:53302,Temporal branch of left facial nerve,,"['FMA:53302', 'ILX:0784519']",,,,,
955,FMA:53301,Temporal branch of right facial nerve,,"['FMA:53301', 'ILX:0788053']",,,,,
956,FMA:53605,Thoracic cardiac branch of left vagus nerve,,"['FMA:53605', 'ILX:0791489']",,,,,
957,FMA:53604,Thoracic cardiac branch of right vagus nerve,,"['FMA:53604', 'ILX:0790057']",,,,,
958,FMA:53507,Tonsillar branch of left glossopharyngeal nerve,,"['FMA:53507', 'ILX:0785969']",,,,,
959,FMA:53506,Tonsillar branch of right glossopharyngeal nerve,,"['FMA:53506', 'ILX:0790359']",,,,,
960,FMA:53611,Tracheal branch of left recurrent laryngeal nerve,,"['FMA:53611', 'ILX:0785091']",,,,,
961,FMA:53610,Tracheal branch of right recurrent laryngeal nerve,,"['FMA:53610', 'ILX:0792888']",,,,,
962,FMA:53607,Vagal branch to left carotid body,,,"['FMA:6237', 'ILX:0786059']",FMA:6237,Branch of vagus nerve to carotid body,subClassOf,2
963,FMA:53606,Vagal branch to right carotid body,,,"['FMA:6237', 'ILX:0786059']",FMA:6237,Branch of vagus nerve to carotid body,subClassOf,2
964,FMA:53309,Zygomatic branch of left facial nerve,,"['FMA:53309', 'ILX:0792663']",,,,,
965,FMA:53308,Zygomatic branch of right facial nerve,,"['FMA:53308', 'ILX:0789259']",,,,,
