,path id,covered nerve,uncovered nerve,covered nerve (subclasses),complete (subclasses)
0,ilxtr:neuron-type-aacar-11,[],['UBERON:0001759'],[],False
1,ilxtr:neuron-type-aacar-4,[],['UBERON:0001759'],[],False
2,ilxtr:neuron-type-bolew-unbranched-10,[],"['ILX:0789339', 'UBERON:0001759']","['FMA:53494', 'FMA:53495']",False
3,ilxtr:neuron-type-bolew-unbranched-16,[],"['ILX:0793560', 'UBERON:0011326', 'UBERON:0001759']","['FMA:53530', 'FMA:53536', 'FMA:53537', 'FMA:53538']",False
4,ilxtr:neuron-type-bolew-unbranched-17,[],"['UBERON:0001759', 'UBERON:0011326', 'ILX:0793561']","['FMA:53530', 'FMA:53536', 'FMA:53539', 'FMA:53540']",False
5,ilxtr:neuron-type-bolew-unbranched-18,[],"['ILX:0793560', 'UBERON:0011326', 'UBERON:0001759']","['FMA:53530', 'FMA:53536', 'FMA:53537', 'FMA:53538']",False
6,ilxtr:neuron-type-bolew-unbranched-19,[],"['UBERON:0001759', 'UBERON:0011326', 'ILX:0793561']","['FMA:53530', 'FMA:53536', 'FMA:53539', 'FMA:53540']",False
7,ilxtr:neuron-type-bolew-unbranched-20,[],"['UBERON:0001759', 'ILX:0738308']",[],False
8,ilxtr:neuron-type-bolew-unbranched-21,[],"['ILX:0738309', 'UBERON:0001759']",[],False
9,ilxtr:neuron-type-bolew-unbranched-8,[],"['ILX:0738312', 'UBERON:0001759']",[],False
10,ilxtr:neuron-type-bolew-unbranched-9,[],"['UBERON:0011326', 'UBERON:0001759']","['FMA:53530', 'FMA:53536']",False
11,ilxtr:neuron-type-bromo-2,[],['UBERON:0001759'],[],False
12,ilxtr:neuron-type-splen-2,[],['UBERON:0001759'],[],False
13,ilxtr:neuron-type-splen-4,[],['UBERON:0001759'],[],False
14,ilxtr:neuron-type-sstom-10,[],['UBERON:0001759'],[],False
15,ilxtr:neuron-type-sstom-5,[],['UBERON:0001759'],[],False
16,ilxtr:neuron-type-sstom-7,[],['UBERON:0001759'],[],False
17,ilxtr:neuron-type-sstom-8,[],['UBERON:0001759'],[],False
18,ilxtr:neuron-type-sstom-9,[],['UBERON:0001759'],[],False
19,ilxtr:sparc-nlp/femrep/64,[],"['ILX:0794476', 'UBERON:0001759']",[],False
20,ilxtr:sparc-nlp/kidney/135,[],"['ILX:0794853', 'UBERON:0001759']",[],False
21,ilxtr:sparc-nlp/kidney/142,[],['UBERON:0001759'],[],False
22,ilxtr:sparc-nlp/kidney/145,[],"['ILX:0794476', 'UBERON:0001759']",[],False
23,ilxtr:sparc-nlp/kidney/155,[],"['ILX:0794476', 'UBERON:0001759']",[],False
24,ilxtr:sparc-nlp/liver/114,[],"['ILX:0793826', 'UBERON:0001759']",[],False
25,ilxtr:sparc-nlp/liver/115,[],"['ILX:0793827', 'UBERON:0001759']",[],False
26,ilxtr:sparc-nlp/liver/127,[],"['ILX:0793826', 'UBERON:0001759']",[],False
27,ilxtr:sparc-nlp/mmset1/14,[],['UBERON:0001759'],[],False
28,ilxtr:sparc-nlp/mmset4/4a,[],['UBERON:0001759'],[],False
29,ilxtr:sparc-nlp/mmset4/4b,[],['UBERON:0001759'],[],False
30,ilxtr:sparc-nlp/mmset4/4c,[],['UBERON:0001759'],[],False
31,ilxtr:sparc-nlp/mmset4/6,[],['UBERON:0001759'],[],False
32,ilxtr:neuron-type-aacar-12,[],['ILX:0738312'],[],False
33,ilxtr:neuron-type-aacar-5,[],"['ILX:0793208', 'ILX:0793209', 'ILX:0793210', 'ILX:0793212', 'ILX:0793211']",[],False
34,ilxtr:neuron-type-bromo-1,[],"['ILX:0793215', 'ILX:0793211', 'ILX:0738372', 'ILX:0793219', 'ILX:0784439', 'ILX:0793210', 'ILX:0788945', 'ILX:0785825', 'ILX:0791105', 'ILX:0793218', 'ILX:0787082', 'ILX:0793212', 'ILX:0787562', 'ILX:0793209', 'ILX:0793216', 'ILX:0793220', 'ILX:0787946', 'ILX:0793208', 'ILX:0793214', 'ILX:0793213', 'ILX:0793217']","['FMA:6124', 'FMA:6133', 'FMA:6762', 'FMA:6763', 'FMA:6760', 'FMA:6761', 'FMA:6122', 'FMA:6757', 'FMA:6082', 'FMA:6084', 'FMA:6758', 'FMA:6759', 'FMA:6083', 'FMA:6085', 'FMA:65923', 'FMA:65924']",False
35,ilxtr:sparc-nlp/mmset1/11,[],"['ILX:0793208', 'ILX:0793209', 'ILX:0793210', 'ILX:0793212', 'ILX:0793211']",[],False
36,ilxtr:sparc-nlp/swglnd/156,[],"['ILX:0793208', 'ILX:0793214', 'ILX:0793213', 'ILX:0793209', 'ILX:0793210', 'ILX:0793212', 'ILX:0793211']",[],False
37,ilxtr:sparc-nlp/swglnd/158,[],"['ILX:0793208', 'ILX:0793210', 'ILX:0738372', 'ILX:0793209']","['FMA:6083', 'FMA:6085']",False
38,ilxtr:sparc-nlp/swglnd/160,[],"['ILX:0793215', 'ILX:0793216', 'ILX:0793210', 'ILX:0793217', 'ILX:0793214', 'ILX:0793218', 'ILX:0793213', 'ILX:0793212', 'ILX:0793211']",[],False
39,ilxtr:neuron-type-aacar-6,[],"['ILX:0787562', 'ILX:0787946', 'ILX:0791105', 'ILX:0787082', 'ILX:0784439', 'ILX:0788945']","['FMA:6124', 'FMA:6133', 'FMA:6762', 'FMA:6763', 'FMA:6760', 'FMA:6761', 'FMA:6122', 'FMA:6757', 'FMA:6082', 'FMA:6084', 'FMA:6758', 'FMA:6759']",True
40,ilxtr:sparc-nlp/mmset1/12,[],"['ILX:0739304', 'ILX:0790497', 'UBERON:0001780', 'ILX:0739303', 'ILX:0784439', 'ILX:0788945']","['FMA:6760', 'FMA:6761', 'FMA:6758', 'FMA:6759', 'FMA:6038', 'FMA:6039', 'FMA:6088', 'FMA:6089', 'FMA:6116', 'FMA:6117', 'FMA:6182', 'FMA:6183', 'FMA:6291', 'FMA:6292', 'FMA:6294', 'FMA:6295', 'FMA:6297', 'FMA:6298', 'FMA:6300', 'FMA:6301', 'FMA:6303', 'FMA:6305', 'FMA:6307', 'FMA:6308', 'FMA:6310', 'FMA:6311', 'FMA:6313', 'FMA:6314', 'FMA:6410', 'FMA:6411', 'FMA:6412', 'FMA:6413', 'FMA:6417', 'FMA:6418', 'FMA:6419', 'FMA:6420', 'FMA:6421', 'FMA:6422', 'FMA:6428', 'FMA:6429', 'FMA:6430', 'FMA:6431', 'FMA:6432', 'FMA:6433', 'FMA:6434', 'FMA:6435', 'FMA:6436', 'FMA:6437', 'FMA:6438', 'FMA:6439']",False
41,ilxtr:neuron-type-bolew-unbranched-11,[],['UBERON:0001649'],"['FMA:50892', 'FMA:50894']",True
42,ilxtr:neuron-type-bolew-unbranched-12,[],"['UBERON:0009009', 'UBERON:0001649']","['FMA:50892', 'FMA:50894', 'FMA:53508', 'FMA:53509']",True
43,ilxtr:sparc-nlp/mmset1/5,[],"['UBERON:0036216', 'UBERON:0001649', 'ILX:0793722']","['FMA:50892', 'FMA:50894', 'FMA:53481', 'FMA:53482', 'FMA:53502', 'FMA:53503']",True
44,ilxtr:neuron-type-bolew-unbranched-14,[],['ILX:0738293'],[],False
45,ilxtr:neuron-type-bolew-unbranched-15,[],['ILX:0738293'],[],False
46,ilxtr:neuron-type-bolew-unbranched-2,[],['ILX:0738372'],"['FMA:6083', 'FMA:6085']",True
47,ilxtr:neuron-type-bolew-unbranched-23,[],['UBERON:0001650'],[],False
48,ilxtr:neuron-type-bolew-unbranched-4,[],['UBERON:0001884'],"['FMA:6192', 'FMA:6193']",True
49,ilxtr:neuron-type-bolew-unbranched-5,[],['UBERON:0001884'],"['FMA:6192', 'FMA:6193']",True
50,ilxtr:sparc-nlp/femrep/36,[],"['ILX:0793216', 'ILX:0793215']",[],False
51,ilxtr:sparc-nlp/swglnd/162,[],"['ILX:0793221', 'ILX:0793218', 'ILX:0793216', 'ILX:0793220', 'ILX:0793217']",[],False
52,ilxtr:sparc-nlp/kidney/146,[],"['ILX:0793221', 'ILX:0793218', 'ILX:0793219', 'ILX:0793220', 'ILX:0793361']",[],False
53,ilxtr:sparc-nlp/kidney/149,[],"['ILX:0793220', 'ILX:0793218', 'ILX:0793219']",[],False
54,ilxtr:sparc-nlp/kidney/151,[],"['ILX:0793220', 'ILX:0793218', 'ILX:0793219']",[],False
55,ilxtr:neuron-type-keast-6,[],"['UBERON:0018683', 'ILX:0785733', 'ILX:0793221', 'ILX:0793220', 'ILX:0785825']","['FMA:65923', 'FMA:65924', 'FMA:6924', 'FMA:6925', 'FMA:6926', 'FMA:6927', 'FMA:6928', 'FMA:6929', 'FMA:6930', 'FMA:6931', 'FMA:65921', 'FMA:65922']",False
56,ilxtr:neuron-type-keast-7,[],"['UBERON:0018683', 'ILX:0785733', 'ILX:0793221', 'ILX:0793220', 'ILX:0785825']","['FMA:65923', 'FMA:65924', 'FMA:6924', 'FMA:6925', 'FMA:6926', 'FMA:6927', 'FMA:6928', 'FMA:6929', 'FMA:6930', 'FMA:6931', 'FMA:65921', 'FMA:65922']",False
57,ilxtr:neuron-type-keast-8,[],"['ILX:0793220', 'ILX:0793221']",[],False
58,ilxtr:neuron-type-keast-1,[],['ILX:0793559'],[],False
59,ilxtr:neuron-type-keast-10,[],"['UBERON:0018675', 'ILX:0793559']",[],False
60,ilxtr:neuron-type-keast-11,[],"['UBERON:0018683', 'ILX:0793559']","['FMA:6924', 'FMA:6925', 'FMA:6926', 'FMA:6927', 'FMA:6928', 'FMA:6929', 'FMA:6930', 'FMA:6931']",False
61,ilxtr:neuron-type-keast-2,[],['ILX:0793559'],[],False
62,ilxtr:neuron-type-keast-3,[],['ILX:0793559'],[],False
63,ilxtr:neuron-type-keast-4,[],"['ILX:0739299', 'UBERON:0018675', 'ILX:0793559', 'ILX:0793228']","['FMA:65991', 'FMA:65992']",False
64,ilxtr:neuron-type-keast-5,[],['UBERON:0018675'],[],False
65,ilxtr:sparc-nlp/femrep/100,[],['UBERON:0018675'],[],False
66,ilxtr:sparc-nlp/femrep/101,[],['UBERON:0018675'],[],False
67,ilxtr:sparc-nlp/femrep/52,[],['UBERON:0018675'],[],False
68,ilxtr:sparc-nlp/femrep/62,[],['UBERON:0018675'],[],False
69,ilxtr:sparc-nlp/femrep/63,[],['UBERON:0018675'],[],False
70,ilxtr:sparc-nlp/femrep/84,[],['UBERON:0018675'],[],False
71,ilxtr:sparc-nlp/kidney/137,[],['UBERON:0018675'],[],False
72,ilxtr:sparc-nlp/mmset4/1,[],['UBERON:0018675'],[],False
73,ilxtr:sparc-nlp/mmset4/2,[],['UBERON:0018675'],[],False
74,ilxtr:sparc-nlp/prostate/13,[],['UBERON:0018675'],[],False
75,ilxtr:sparc-nlp/prostate/17,[],['UBERON:0018675'],[],False
76,ilxtr:sparc-nlp/prostate/26,[],['UBERON:0018675'],[],False
77,ilxtr:sparc-nlp/semves/3,[],['UBERON:0018675'],[],False
78,ilxtr:sparc-nlp/semves/7,[],['UBERON:0018675'],[],False
79,ilxtr:neuron-type-sdcol-b,[],"['UBERON:0018683', 'ILX:0785932', 'ILX:0793362', 'ILX:0793361', 'ILX:0788536']","['FMA:6924', 'FMA:6925', 'FMA:6926', 'FMA:6927', 'FMA:6928', 'FMA:6929', 'FMA:6930', 'FMA:6931', 'FMA:65919', 'FMA:65920', 'FMA:65917', 'FMA:65918']",False
80,ilxtr:sparc-nlp/femrep/31,[],"['UBERON:0018683', 'UBERON:0018681', 'UBERON:0001964']","['FMA:6924', 'FMA:6925', 'FMA:6926', 'FMA:6927', 'FMA:6928', 'FMA:6929', 'FMA:6930', 'FMA:6931', 'FMA:6959', 'FMA:6960', 'FMA:6957', 'FMA:6958']",True
81,ilxtr:sparc-nlp/femrep/32,[],"['UBERON:0018683', 'UBERON:0018681', 'UBERON:0001964']","['FMA:6924', 'FMA:6925', 'FMA:6926', 'FMA:6927', 'FMA:6928', 'FMA:6929', 'FMA:6930', 'FMA:6931', 'FMA:6959', 'FMA:6960', 'FMA:6957', 'FMA:6958']",True
82,ilxtr:sparc-nlp/femrep/33,[],"['UBERON:0018683', 'UBERON:0018681', 'UBERON:0001964']","['FMA:6924', 'FMA:6925', 'FMA:6926', 'FMA:6927', 'FMA:6928', 'FMA:6929', 'FMA:6930', 'FMA:6931', 'FMA:6959', 'FMA:6960', 'FMA:6957', 'FMA:6958']",True
83,ilxtr:sparc-nlp/femrep/34,[],"['UBERON:0018683', 'UBERON:0018679']","['FMA:6924', 'FMA:6925', 'FMA:6926', 'FMA:6927', 'FMA:6928', 'FMA:6929', 'FMA:6930', 'FMA:6931', 'FMA:6955', 'FMA:6956', 'FMA:6957', 'FMA:6958', 'FMA:6959', 'FMA:6960']",True
84,ilxtr:sparc-nlp/femrep/42,[],['UBERON:0018683'],"['FMA:6924', 'FMA:6925', 'FMA:6926', 'FMA:6927', 'FMA:6928', 'FMA:6929', 'FMA:6930', 'FMA:6931']",True
85,ilxtr:sparc-nlp/femrep/43,[],['UBERON:0018683'],"['FMA:6924', 'FMA:6925', 'FMA:6926', 'FMA:6927', 'FMA:6928', 'FMA:6929', 'FMA:6930', 'FMA:6931']",True
86,ilxtr:sparc-nlp/femrep/44,[],['UBERON:0018683'],"['FMA:6924', 'FMA:6925', 'FMA:6926', 'FMA:6927', 'FMA:6928', 'FMA:6929', 'FMA:6930', 'FMA:6931']",True
87,ilxtr:sparc-nlp/femrep/75,[],"['UBERON:0018683', 'UBERON:0018681']","['FMA:6924', 'FMA:6925', 'FMA:6926', 'FMA:6927', 'FMA:6928', 'FMA:6929', 'FMA:6930', 'FMA:6931', 'FMA:6957', 'FMA:6958']",True
88,ilxtr:sparc-nlp/kidney/146-1,[],"['UBERON:0018683', 'UBERON:0001964']","['FMA:6924', 'FMA:6925', 'FMA:6926', 'FMA:6927', 'FMA:6928', 'FMA:6929', 'FMA:6930', 'FMA:6931', 'FMA:6959', 'FMA:6960']",True
89,ilxtr:sparc-nlp/kidney/147,[],"['UBERON:0018683', 'UBERON:0001964']","['FMA:6924', 'FMA:6925', 'FMA:6926', 'FMA:6927', 'FMA:6928', 'FMA:6929', 'FMA:6930', 'FMA:6931', 'FMA:6959', 'FMA:6960']",True
90,ilxtr:sparc-nlp/kidney/148,[],['UBERON:0018683'],"['FMA:6924', 'FMA:6925', 'FMA:6926', 'FMA:6927', 'FMA:6928', 'FMA:6929', 'FMA:6930', 'FMA:6931']",True
91,ilxtr:sparc-nlp/kidney/153,[],['UBERON:0018683'],"['FMA:6924', 'FMA:6925', 'FMA:6926', 'FMA:6927', 'FMA:6928', 'FMA:6929', 'FMA:6930', 'FMA:6931']",True
92,ilxtr:sparc-nlp/kidney/154,[],['UBERON:0018683'],"['FMA:6924', 'FMA:6925', 'FMA:6926', 'FMA:6927', 'FMA:6928', 'FMA:6929', 'FMA:6930', 'FMA:6931']",True
93,ilxtr:sparc-nlp/prostate/24,[],['UBERON:0018683'],"['FMA:6924', 'FMA:6925', 'FMA:6926', 'FMA:6927', 'FMA:6928', 'FMA:6929', 'FMA:6930', 'FMA:6931']",True
94,ilxtr:neuron-type-keast-12,[],['UBERON:0011390'],"['FMA:21863', 'FMA:21864']",True
95,ilxtr:neuron-type-keast-9,[],['UBERON:0011390'],"['FMA:21863', 'FMA:21864']",True
96,ilxtr:sparc-nlp/femrep/104,[],['UBERON:0011390'],"['FMA:21863', 'FMA:21864']",True
97,ilxtr:sparc-nlp/mmset1/1,[],['UBERON:0011390'],"['FMA:21863', 'FMA:21864']",True
98,ilxtr:sparc-nlp/senmot/78,[],['UBERON:0011390'],"['FMA:21863', 'FMA:21864']",True
99,ilxtr:sparc-nlp/senmot/79,[],['UBERON:0011390'],"['FMA:21863', 'FMA:21864']",True
100,ilxtr:sparc-nlp/senmot/80,[],['UBERON:0011390'],"['FMA:21863', 'FMA:21864']",True
101,ilxtr:sparc-nlp/senmot/81,[],['UBERON:0011390'],"['FMA:21863', 'FMA:21864']",True
102,ilxtr:sparc-nlp/senmot/82,[],['UBERON:0011390'],"['FMA:21863', 'FMA:21864']",True
103,ilxtr:sparc-nlp/senmot/83,[],['UBERON:0011390'],"['FMA:21863', 'FMA:21864']",True
104,ilxtr:sparc-nlp/senmot/85,[],['UBERON:0011390'],"['FMA:21863', 'FMA:21864']",True
105,ilxtr:neuron-type-pancr-1,[],['UBERON:0018680'],"['FMA:6955', 'FMA:6956']",True
106,ilxtr:neuron-type-splen-1,[],['UBERON:0018680'],"['FMA:6955', 'FMA:6956']",True
107,ilxtr:sparc-nlp/femrep/39,[],['UBERON:0018680'],"['FMA:6955', 'FMA:6956']",True
108,ilxtr:sparc-nlp/liver/116,[],['UBERON:0018680'],"['FMA:6955', 'FMA:6956']",True
109,ilxtr:sparc-nlp/liver/118,[],['UBERON:0018680'],"['FMA:6955', 'FMA:6956']",True
110,ilxtr:sparc-nlp/liver/120,[],['UBERON:0018680'],"['FMA:6955', 'FMA:6956']",True
111,ilxtr:sparc-nlp/mmset4/11,[],['UBERON:0018680'],"['FMA:6955', 'FMA:6956']",True
112,ilxtr:sparc-nlp/mmset4/12,[],['UBERON:0018680'],"['FMA:6955', 'FMA:6956']",True
113,ilxtr:sparc-nlp/mmset4/7,[],"['UBERON:0018681', 'UBERON:0018680']","['FMA:6955', 'FMA:6956', 'FMA:6957', 'FMA:6958']",True
114,ilxtr:sparc-nlp/mmset4/8,[],"['UBERON:0018681', 'UBERON:0018680']","['FMA:6955', 'FMA:6956', 'FMA:6957', 'FMA:6958']",True
115,ilxtr:neuron-type-sdcol-c,[],['ILX:0793632'],[],False
116,ilxtr:neuron-type-sdcol-d,[],['ILX:0793632'],[],False
117,ilxtr:neuron-type-sdcol-f,[],['ILX:0793632'],[],False
118,ilxtr:neuron-type-sdcol-g,[],['ILX:0793632'],[],False
119,ilxtr:neuron-type-sdcol-h,[],['ILX:0793632'],[],False
120,ilxtr:neuron-type-sdcol-q,[],['ILX:0793632'],[],False
121,ilxtr:neuron-type-sdcol-q-prime,[],['ILX:0793632'],[],False
122,ilxtr:neuron-type-splen-5,[],['ILX:0793563'],[],False
123,ilxtr:sparc-nlp/femrep/30,[],['ILX:0794916'],[],False
124,ilxtr:sparc-nlp/femrep/41,[],['ILX:0794916'],[],False
125,ilxtr:sparc-nlp/kidney/133,[],['UBERON:0001964'],"['FMA:6959', 'FMA:6960']",True
126,ilxtr:sparc-nlp/kidney/139,[],"['UBERON:0018681', 'UBERON:0001964']","['FMA:6959', 'FMA:6960', 'FMA:6957', 'FMA:6958']",True
127,ilxtr:sparc-nlp/kidney/144,[],"['UBERON:0018681', 'UBERON:0001964']","['FMA:6959', 'FMA:6960', 'FMA:6957', 'FMA:6958']",True
128,ilxtr:sparc-nlp/kidney/150,[],['UBERON:0001964'],"['FMA:6959', 'FMA:6960']",True
129,ilxtr:sparc-nlp/kidney/131,[],['UBERON:0018681'],"['FMA:6957', 'FMA:6958']",True
130,ilxtr:sparc-nlp/liver/105,[],['UBERON:0018679'],"['FMA:6955', 'FMA:6956', 'FMA:6957', 'FMA:6958', 'FMA:6959', 'FMA:6960']",True
131,ilxtr:sparc-nlp/liver/107,[],['UBERON:0018679'],"['FMA:6955', 'FMA:6956', 'FMA:6957', 'FMA:6958', 'FMA:6959', 'FMA:6960']",True
132,ilxtr:sparc-nlp/liver/113,[],['UBERON:0018679'],"['FMA:6955', 'FMA:6956', 'FMA:6957', 'FMA:6958', 'FMA:6959', 'FMA:6960']",True
133,ilxtr:sparc-nlp/liver/126,[],['UBERON:0018679'],"['FMA:6955', 'FMA:6956', 'FMA:6957', 'FMA:6958', 'FMA:6959', 'FMA:6960']",True
134,ilxtr:sparc-nlp/liver/130,[],['UBERON:0018679'],"['FMA:6955', 'FMA:6956', 'FMA:6957', 'FMA:6958', 'FMA:6959', 'FMA:6960']",True
135,ilxtr:sparc-nlp/femrep/38,[],['ILX:0793822'],[],False
136,ilxtr:sparc-nlp/liver/109,[],['ILX:0793826'],[],False
137,ilxtr:sparc-nlp/liver/122,[],['ILX:0793826'],[],False
138,ilxtr:sparc-nlp/liver/111,[],['ILX:0793827'],[],False
139,ilxtr:sparc-nlp/liver/124,[],['ILX:0793827'],[],False
140,ilxtr:sparc-nlp/mmset1/10,[],"['ILX:0793702', 'UBERON:0001647', 'UBERON:0018412']","['FMA:53423', 'FMA:53424', 'FMA:50888', 'FMA:50889']",False
141,ilxtr:sparc-nlp/mmset1/2,[],"['ILX:0793711', 'ILX:0793712', 'UBERON:0011096', 'ILX:0793713', 'UBERON:0018412']","['FMA:0328826', 'FMA:0328827', 'FMA:52629', 'FMA:52630', 'FMA:52968', 'FMA:52969']",False
142,ilxtr:sparc-nlp/mmset2cn/3,[],"['UBERON:0009675', 'UBERON:0003721', 'UBERON:0001647']","['FMA:50888', 'FMA:50889', 'FMA:53219', 'FMA:53220']",False
143,ilxtr:sparc-nlp/senmot/69,[],['UBERON:0001780'],"['FMA:6038', 'FMA:6039', 'FMA:6088', 'FMA:6089', 'FMA:6116', 'FMA:6117', 'FMA:6182', 'FMA:6183', 'FMA:6291', 'FMA:6292', 'FMA:6294', 'FMA:6295', 'FMA:6297', 'FMA:6298', 'FMA:6300', 'FMA:6301', 'FMA:6303', 'FMA:6305', 'FMA:6307', 'FMA:6308', 'FMA:6310', 'FMA:6311', 'FMA:6313', 'FMA:6314', 'FMA:6410', 'FMA:6411', 'FMA:6412', 'FMA:6413', 'FMA:6417', 'FMA:6418', 'FMA:6419', 'FMA:6420', 'FMA:6421', 'FMA:6422', 'FMA:6428', 'FMA:6429', 'FMA:6430', 'FMA:6431', 'FMA:6432', 'FMA:6433', 'FMA:6434', 'FMA:6435', 'FMA:6436', 'FMA:6437', 'FMA:6438', 'FMA:6439']",True
144,ilxtr:sparc-nlp/mmset1/13,[],['ILX:0793714'],[],False
145,ilxtr:sparc-nlp/mmset2cn/7,[],"['ILX:0793711', 'UBERON:0011096']","['FMA:52629', 'FMA:52630']",False
146,ilxtr:sparc-nlp/mmset1/3,[],['UBERON:0022301'],"['FMA:52700', 'FMA:52701', 'FMA:82734', 'FMA:82735']",True
147,ilxtr:sparc-nlp/mmset1/3a,[],['UBERON:0022302'],[],False
148,ilxtr:sparc-nlp/mmset2cn/4,[],['UBERON:0022302'],[],False
149,ilxtr:sparc-nlp/mmset2cn/5,[],['UBERON:0022302'],[],False
150,ilxtr:sparc-nlp/mmset2cn/1,[],['UBERON:0001643'],"['FMA:50879', 'FMA:50880']",True
151,ilxtr:sparc-nlp/mmset2cn/6,[],['ILX:0793723'],"['FMA:53001', 'FMA:53002']",True
152,ilxtr:sparc-nlp/mmset2cn/9,[],['UBERON:0008810'],"['FMA:52798', 'FMA:52799']",True
153,ilxtr:sparc-nlp/mmset4/3,[],['ILX:0793807'],[],False
154,ilxtr:sparc-nlp/mmset4/3a,[],['ILX:0793807'],[],False
155,ilxtr:sparc-nlp/mmset4/3b,[],['ILX:0793807'],[],False
156,ilxtr:sparc-nlp/mmset4/3c,[],['ILX:0793807'],[],False
157,ilxtr:sparc-nlp/mmset4/3e,[],['ILX:0793809'],[],False
158,ilxtr:sparc-nlp/senmot/1,[],['UBERON:0003724'],"['FMA:37065', 'FMA:37066']",True
159,ilxtr:sparc-nlp/senmot/17,[],['UBERON:0003724'],"['FMA:37065', 'FMA:37066']",True
160,ilxtr:sparc-nlp/senmot/18,[],['UBERON:0003724'],"['FMA:37065', 'FMA:37066']",True
161,ilxtr:sparc-nlp/senmot/2,[],['UBERON:0003724'],"['FMA:37065', 'FMA:37066']",True
162,ilxtr:sparc-nlp/senmot/20,[],['UBERON:0003724'],"['FMA:37065', 'FMA:37066']",True
163,ilxtr:sparc-nlp/senmot/3,[],['UBERON:0003724'],"['FMA:37065', 'FMA:37066']",True
164,ilxtr:sparc-nlp/senmot/67,[],['UBERON:0003724'],"['FMA:37065', 'FMA:37066']",True
165,ilxtr:sparc-nlp/senmot/10,[],['UBERON:0001148'],"['FMA:37067', 'FMA:37068']",True
166,ilxtr:sparc-nlp/senmot/11,[],['UBERON:0001148'],"['FMA:37067', 'FMA:37068']",True
167,ilxtr:sparc-nlp/senmot/12,[],['UBERON:0001148'],"['FMA:37067', 'FMA:37068']",True
168,ilxtr:sparc-nlp/senmot/13,[],"['UBERON:0001148', 'ILX:0794949']","['FMA:37067', 'FMA:37068']",False
169,ilxtr:sparc-nlp/senmot/4,[],['UBERON:0001148'],"['FMA:37067', 'FMA:37068']",True
170,ilxtr:sparc-nlp/senmot/5,[],['UBERON:0001148'],"['FMA:37067', 'FMA:37068']",True
171,ilxtr:sparc-nlp/senmot/6,[],['UBERON:0001148'],"['FMA:37067', 'FMA:37068']",True
172,ilxtr:sparc-nlp/senmot/7,[],['UBERON:0001148'],"['FMA:37067', 'FMA:37068']",True
173,ilxtr:sparc-nlp/senmot/8,[],['UBERON:0001148'],"['FMA:37067', 'FMA:37068']",True
174,ilxtr:sparc-nlp/senmot/9,[],['UBERON:0001148'],"['FMA:37067', 'FMA:37068']",True
175,ilxtr:sparc-nlp/senmot/102,[],['UBERON:0001267'],"['FMA:16499', 'FMA:16500']",True
176,ilxtr:sparc-nlp/senmot/120,[],['UBERON:0001267'],"['FMA:16499', 'FMA:16500']",True
177,ilxtr:sparc-nlp/senmot/121,[],['UBERON:0001267'],"['FMA:16499', 'FMA:16500']",True
178,ilxtr:sparc-nlp/senmot/122,[],['UBERON:0001267'],"['FMA:16499', 'FMA:16500']",True
179,ilxtr:sparc-nlp/senmot/123,[],['UBERON:0001267'],"['FMA:16499', 'FMA:16500']",True
180,ilxtr:sparc-nlp/senmot/124,[],['UBERON:0001267'],"['FMA:16499', 'FMA:16500']",True
181,ilxtr:sparc-nlp/senmot/126,[],['UBERON:0001267'],"['FMA:16499', 'FMA:16500']",True
182,ilxtr:sparc-nlp/senmot/164,[],['UBERON:0001267'],"['FMA:16499', 'FMA:16500']",True
183,ilxtr:sparc-nlp/senmot/172,[],['UBERON:0001267'],"['FMA:16499', 'FMA:16500']",True
184,ilxtr:sparc-nlp/senmot/107,[],['ILX:0794959'],[],False
185,ilxtr:sparc-nlp/senmot/108,[],['ILX:0795006'],[],False
186,ilxtr:sparc-nlp/senmot/109,[],['ILX:0795006'],[],False
187,ilxtr:sparc-nlp/senmot/110,[],['ILX:0795006'],[],False
188,ilxtr:sparc-nlp/senmot/111,[],['ILX:0795006'],[],False
189,ilxtr:sparc-nlp/senmot/113,[],['UBERON:0034984'],[],False
190,ilxtr:sparc-nlp/senmot/114,[],['UBERON:0034984'],[],False
191,ilxtr:sparc-nlp/senmot/125,[],['UBERON:0005465'],"['FMA:16501', 'FMA:16502']",True
192,ilxtr:sparc-nlp/senmot/127,[],['UBERON:0005465'],"['FMA:16501', 'FMA:16502']",True
193,ilxtr:sparc-nlp/senmot/128,[],['UBERON:0005465'],"['FMA:16501', 'FMA:16502']",True
194,ilxtr:sparc-nlp/senmot/129,[],['UBERON:0005465'],"['FMA:16501', 'FMA:16502']",True
195,ilxtr:sparc-nlp/senmot/131,[],['UBERON:0005465'],"['FMA:16501', 'FMA:16502']",True
196,ilxtr:sparc-nlp/senmot/165,[],['UBERON:0005465'],"['FMA:16501', 'FMA:16502']",True
197,ilxtr:sparc-nlp/senmot/14,[],['ILX:0794949'],[],False
198,ilxtr:sparc-nlp/senmot/15,[],['ILX:0794949'],[],False
199,ilxtr:sparc-nlp/senmot/130,[],['UBERON:0001323'],"['FMA:22109', 'FMA:22110']",True
200,ilxtr:sparc-nlp/senmot/135,[],['UBERON:0001323'],"['FMA:22109', 'FMA:22110']",True
201,ilxtr:sparc-nlp/senmot/136,[],['UBERON:0001323'],"['FMA:22109', 'FMA:22110']",True
202,ilxtr:sparc-nlp/senmot/137,[],['UBERON:0001323'],"['FMA:22109', 'FMA:22110']",True
203,ilxtr:sparc-nlp/senmot/138,[],['UBERON:0001323'],"['FMA:22109', 'FMA:22110']",True
204,ilxtr:sparc-nlp/senmot/139,[],['UBERON:0001323'],"['FMA:22109', 'FMA:22110']",True
205,ilxtr:sparc-nlp/senmot/140,[],['UBERON:0001323'],"['FMA:22109', 'FMA:22110']",True
206,ilxtr:sparc-nlp/senmot/141,[],['UBERON:0001323'],"['FMA:22109', 'FMA:22110']",True
207,ilxtr:sparc-nlp/senmot/132,[],['UBERON:0001322'],"['FMA:22111', 'FMA:22112']",True
208,ilxtr:sparc-nlp/senmot/133,[],['UBERON:0001322'],"['FMA:22111', 'FMA:22112']",True
209,ilxtr:sparc-nlp/senmot/134,[],['UBERON:0001322'],"['FMA:22111', 'FMA:22112']",True
210,ilxtr:sparc-nlp/senmot/166,[],['UBERON:0001322'],"['FMA:22111', 'FMA:22112']",True
211,ilxtr:sparc-nlp/senmot/142,[],['UBERON:0035526'],"['FMA:45363', 'FMA:45364']",True
212,ilxtr:sparc-nlp/senmot/143,[],['UBERON:0035526'],"['FMA:45363', 'FMA:45364']",True
213,ilxtr:sparc-nlp/senmot/144,[],['UBERON:0035207'],"['FMA:45387', 'FMA:45388']",True
214,ilxtr:sparc-nlp/senmot/145,[],['UBERON:0035207'],"['FMA:45387', 'FMA:45388']",True
215,ilxtr:sparc-nlp/senmot/146,[],['UBERON:0035207'],"['FMA:45387', 'FMA:45388']",True
216,ilxtr:sparc-nlp/senmot/147,[],['UBERON:0035207'],"['FMA:45387', 'FMA:45388']",True
217,ilxtr:sparc-nlp/senmot/148,[],['UBERON:0035207'],"['FMA:45387', 'FMA:45388']",True
218,ilxtr:sparc-nlp/senmot/158,[],"['UBERON:0035110', 'UBERON:0035207']","['FMA:45387', 'FMA:45388', 'FMA:45450', 'FMA:45451']",True
219,ilxtr:sparc-nlp/senmot/149,[],['UBERON:0035111'],"['FMA:45434', 'FMA:45435']",True
220,ilxtr:sparc-nlp/senmot/150,[],['UBERON:0035111'],"['FMA:45434', 'FMA:45435']",True
221,ilxtr:sparc-nlp/senmot/153,[],['UBERON:0035111'],"['FMA:45434', 'FMA:45435']",True
222,ilxtr:sparc-nlp/senmot/155,[],['UBERON:0035111'],"['FMA:45434', 'FMA:45435']",True
223,ilxtr:sparc-nlp/senmot/170,[],"['UBERON:0001492', 'UBERON:0035111']","['FMA:45434', 'FMA:45435', 'FMA:37070', 'FMA:37071']",True
224,ilxtr:sparc-nlp/senmot/151,[],['UBERON:0035110'],"['FMA:45450', 'FMA:45451']",True
225,ilxtr:sparc-nlp/senmot/152,[],['UBERON:0035110'],"['FMA:45450', 'FMA:45451']",True
226,ilxtr:sparc-nlp/senmot/154,[],['UBERON:0035110'],"['FMA:45450', 'FMA:45451']",True
227,ilxtr:sparc-nlp/senmot/156,[],['UBERON:0035110'],"['FMA:45450', 'FMA:45451']",True
228,ilxtr:sparc-nlp/senmot/157,[],['UBERON:0035110'],"['FMA:45450', 'FMA:45451']",True
229,ilxtr:sparc-nlp/senmot/159,[],['UBERON:0035110'],"['FMA:45450', 'FMA:45451']",True
230,ilxtr:sparc-nlp/senmot/44,[],['UBERON:0001492'],"['FMA:37070', 'FMA:37071']",True
231,ilxtr:sparc-nlp/senmot/45,[],['UBERON:0001492'],"['FMA:37070', 'FMA:37071']",True
232,ilxtr:sparc-nlp/senmot/46,[],['UBERON:0001492'],"['FMA:37070', 'FMA:37071']",True
233,ilxtr:sparc-nlp/senmot/47,[],['UBERON:0001492'],"['FMA:37070', 'FMA:37071']",True
234,ilxtr:sparc-nlp/senmot/48,[],['UBERON:0001492'],"['FMA:37070', 'FMA:37071']",True
235,ilxtr:sparc-nlp/senmot/49,[],['UBERON:0001492'],"['FMA:37070', 'FMA:37071']",True
236,ilxtr:sparc-nlp/senmot/54,[],['UBERON:0001492'],"['FMA:37070', 'FMA:37071']",True
237,ilxtr:sparc-nlp/senmot/63,[],['UBERON:0001492'],"['FMA:37070', 'FMA:37071']",True
238,ilxtr:sparc-nlp/senmot/66,[],['UBERON:0001492'],"['FMA:37070', 'FMA:37071']",True
239,ilxtr:sparc-nlp/senmot/19,[],['ILX:0794967'],[],False
240,ilxtr:sparc-nlp/senmot/51,[],['ILX:0794967'],[],False
241,ilxtr:sparc-nlp/senmot/52,[],['ILX:0794967'],[],False
242,ilxtr:sparc-nlp/senmot/53,[],['ILX:0794967'],[],False
243,ilxtr:sparc-nlp/senmot/55,[],['ILX:0794967'],[],False
244,ilxtr:sparc-nlp/senmot/56,[],['ILX:0794967'],[],False
245,ilxtr:sparc-nlp/senmot/57,[],['ILX:0794967'],[],False
246,ilxtr:sparc-nlp/senmot/58,[],['ILX:0794967'],[],False
247,ilxtr:sparc-nlp/senmot/64,[],['ILX:0794967'],[],False
248,ilxtr:sparc-nlp/senmot/65,[],['ILX:0794967'],[],False
249,ilxtr:sparc-nlp/senmot/21,[],['UBERON:0001494'],"['FMA:37320', 'FMA:37321']",True
250,ilxtr:sparc-nlp/senmot/22,[],['UBERON:0001494'],"['FMA:37320', 'FMA:37321']",True
251,ilxtr:sparc-nlp/senmot/32,[],['UBERON:0001494'],"['FMA:37320', 'FMA:37321']",True
252,ilxtr:sparc-nlp/senmot/33,[],['UBERON:0001494'],"['FMA:37320', 'FMA:37321']",True
253,ilxtr:sparc-nlp/senmot/34,[],['UBERON:0001494'],"['FMA:37320', 'FMA:37321']",True
254,ilxtr:sparc-nlp/senmot/23,[],['ILX:0794969'],[],False
255,ilxtr:sparc-nlp/senmot/24,[],['ILX:0794969'],[],False
256,ilxtr:sparc-nlp/senmot/25,[],['ILX:0794969'],[],False
257,ilxtr:sparc-nlp/senmot/26,[],['ILX:0794969'],[],False
258,ilxtr:sparc-nlp/senmot/27,[],['ILX:0794969'],[],False
259,ilxtr:sparc-nlp/senmot/28,[],['ILX:0794969'],[],False
260,ilxtr:sparc-nlp/senmot/35,[],['UBERON:0001493'],"['FMA:37073', 'FMA:37074']",True
261,ilxtr:sparc-nlp/senmot/36,[],['UBERON:0001493'],"['FMA:37073', 'FMA:37074']",True
262,ilxtr:sparc-nlp/senmot/59,[],['UBERON:0001493'],"['FMA:37073', 'FMA:37074']",True
263,ilxtr:sparc-nlp/senmot/50,[],['ILX:0794977'],[],False
264,ilxtr:sparc-nlp/senmot/61,[],['ILX:0795005'],[],False
265,ilxtr:sparc-nlp/senmot/68,[],['UBERON:0002019'],"['FMA:50897', 'FMA:50899']",True
266,ilxtr:sparc-nlp/senmot/86,[],['UBERON:0011391'],"['FMA:21873', 'FMA:21874']",True
267,ilxtr:sparc-nlp/senmot/87,[],['UBERON:0011391'],"['FMA:21873', 'FMA:21874']",True
268,ilxtr:sparc-nlp/senmot/88,[],['UBERON:0011391'],"['FMA:21873', 'FMA:21874']",True
269,ilxtr:sparc-nlp/senmot/89,[],['UBERON:0011391'],"['FMA:21873', 'FMA:21874']",True
270,ilxtr:sparc-nlp/swglnd/157,[],['UBERON:0001021'],"['FMA:16491', 'FMA:16492', 'FMA:16493', 'FMA:16494', 'FMA:16497', 'FMA:16498', 'FMA:16499', 'FMA:16500', 'FMA:16501', 'FMA:16502', 'FMA:20630', 'FMA:20631', 'FMA:21863', 'FMA:21864', 'FMA:37065', 'FMA:37066', 'FMA:37067', 'FMA:37068', 'FMA:37070', 'FMA:37071', 'FMA:37073', 'FMA:37074', 'FMA:37320', 'FMA:37321', 'FMA:39081', 'FMA:39082', 'FMA:55155', 'FMA:55156', 'FMA:55172', 'FMA:55173', 'FMA:6192', 'FMA:6193', 'FMA:65247', 'FMA:65248', 'FMA:65281', 'FMA:65282', 'FMA:65285', 'FMA:65286', 'FMA:65415', 'FMA:65416', 'FMA:0328826', 'FMA:0328827', 'FMA:0328830', 'FMA:0328831', 'FMA:11018', 'FMA:11039', 'FMA:11063', 'FMA:11084', 'FMA:11092', 'FMA:11111', 'FMA:11153', 'FMA:11154', 'FMA:11193', 'FMA:11194', 'FMA:11209', 'FMA:11210', 'FMA:11211', 'FMA:11212', 'FMA:11213', 'FMA:11214', 'FMA:11215', 'FMA:11216', 'FMA:11217', 'FMA:11218', 'FMA:11219', 'FMA:11220', 'FMA:11249', 'FMA:11250', 'FMA:11252', 'FMA:11253', 'FMA:11261', 'FMA:11262', 'FMA:11308', 'FMA:11551', 'FMA:11552', 'FMA:11554', 'FMA:11555', 'FMA:11681', 'FMA:11687', 'FMA:11751', 'FMA:11752', 'FMA:11753', 'FMA:11754', 'FMA:11755', 'FMA:11756', 'FMA:11757', 'FMA:11758', 'FMA:11759', 'FMA:11760', 'FMA:11780', 'FMA:11781', 'FMA:11788', 'FMA:11789', 'FMA:16400', 'FMA:16401', 'FMA:16402', 'FMA:16403', 'FMA:16404', 'FMA:16405', 'FMA:16884', 'FMA:16885', 'FMA:16886', 'FMA:16887', 'FMA:20604', 'FMA:20605', 'FMA:20607', 'FMA:20608', 'FMA:20632', 'FMA:20633', 'FMA:20634', 'FMA:20635', 'FMA:21871', 'FMA:21872', 'FMA:21873', 'FMA:21874', 'FMA:21875', 'FMA:21876', 'FMA:21879', 'FMA:21880', 'FMA:22109', 'FMA:22110', 'FMA:22111', 'FMA:22112', 'FMA:276379', 'FMA:276381', 'FMA:291236', 'FMA:291238', 'FMA:292830', 'FMA:292832', 'FMA:292887', 'FMA:292889', 'FMA:39083', 'FMA:39084', 'FMA:39146', 'FMA:39147', 'FMA:44734', 'FMA:44735', 'FMA:44769', 'FMA:44770', 'FMA:44870', 'FMA:44871', 'FMA:44892', 'FMA:44893', 'FMA:44894', 'FMA:44898', 'FMA:44899', 'FMA:44901', 'FMA:44902', 'FMA:44904', 'FMA:44905', 'FMA:44932', 'FMA:44950', 'FMA:44951', 'FMA:44952', 'FMA:44953', 'FMA:45253', 'FMA:45254', 'FMA:45263', 'FMA:45264', 'FMA:45308', 'FMA:45309', 'FMA:45310', 'FMA:45311', 'FMA:45326', 'FMA:45327', 'FMA:45333', 'FMA:45334', 'FMA:45338', 'FMA:45339', 'FMA:45354', 'FMA:45355', 'FMA:45357', 'FMA:45358', 'FMA:45361', 'FMA:45362', 'FMA:45363', 'FMA:45364', 'FMA:45365', 'FMA:45366', 'FMA:45367', 'FMA:45368', 'FMA:45379', 'FMA:45380', 'FMA:45381', 'FMA:45382', 'FMA:45387', 'FMA:45388', 'FMA:45422', 'FMA:45423', 'FMA:45424', 'FMA:45425', 'FMA:45426', 'FMA:45427', 'FMA:45428', 'FMA:45429', 'FMA:45432', 'FMA:45433', 'FMA:45434', 'FMA:45435', 'FMA:45450', 'FMA:45451', 'FMA:45452', 'FMA:45453', 'FMA:45454', 'FMA:45455', 'FMA:45456', 'FMA:45457', 'FMA:52622', 'FMA:52623', 'FMA:52626', 'FMA:52627', 'FMA:52629', 'FMA:52630', 'FMA:52639', 'FMA:52640', 'FMA:52643', 'FMA:52644', 'FMA:52656', 'FMA:52657', 'FMA:52669', 'FMA:52670', 'FMA:52673', 'FMA:52674', 'FMA:52676', 'FMA:52677', 'FMA:52698', 'FMA:52699', 'FMA:52700', 'FMA:52701', 'FMA:52715', 'FMA:52716', 'FMA:52725', 'FMA:52726', 'FMA:52729', 'FMA:52730', 'FMA:52732', 'FMA:52733', 'FMA:52776', 'FMA:52777', 'FMA:52778', 'FMA:52779', 'FMA:52784', 'FMA:52785', 'FMA:52786', 'FMA:52787', 'FMA:52798', 'FMA:52799', 'FMA:52803', 'FMA:52804', 'FMA:52806', 'FMA:52807', 'FMA:52936', 'FMA:52937', 'FMA:52939', 'FMA:52940', 'FMA:52941', 'FMA:52942', 'FMA:52968', 'FMA:52969', 'FMA:52974', 'FMA:52975', 'FMA:52976', 'FMA:52977', 'FMA:52979', 'FMA:52980', 'FMA:52987', 'FMA:52988', 'FMA:52994', 'FMA:52995', 'FMA:52997', 'FMA:52998', 'FMA:53001', 'FMA:53002', 'FMA:53048', 'FMA:53049', 'FMA:53067', 'FMA:53068', 'FMA:53219', 'FMA:53220', 'FMA:53244', 'FMA:53245', 'FMA:53251', 'FMA:53252', 'FMA:53279', 'FMA:53280', 'FMA:53301', 'FMA:53302', 'FMA:53308', 'FMA:53309', 'FMA:53311', 'FMA:53312', 'FMA:53366', 'FMA:53367', 'FMA:53398', 'FMA:53399', 'FMA:53402', 'FMA:53409', 'FMA:53423', 'FMA:53424', 'FMA:53432', 'FMA:53433', 'FMA:53481', 'FMA:53482', 'FMA:53484', 'FMA:53485', 'FMA:53494', 'FMA:53495', 'FMA:53502', 'FMA:53503', 'FMA:53504', 'FMA:53505', 'FMA:53506', 'FMA:53507', 'FMA:53508', 'FMA:53509', 'FMA:53530', 'FMA:53534', 'FMA:53535', 'FMA:53536', 'FMA:53537', 'FMA:53538', 'FMA:53539', 'FMA:53540', 'FMA:53541', 'FMA:53542', 'FMA:53545', 'FMA:53546', 'FMA:53547', 'FMA:53548', 'FMA:53559', 'FMA:53560', 'FMA:53561', 'FMA:53562', 'FMA:53567', 'FMA:53568', 'FMA:53569', 'FMA:53570', 'FMA:53571', 'FMA:53572', 'FMA:53575', 'FMA:53576', 'FMA:53581', 'FMA:53582', 'FMA:53588', 'FMA:53589', 'FMA:53590', 'FMA:53598', 'FMA:53599', 'FMA:53604', 'FMA:53605', 'FMA:53606', 'FMA:53607', 'FMA:53608', 'FMA:53609', 'FMA:53610', 'FMA:53611', 'FMA:53633', 'FMA:53634', 'FMA:53635', 'FMA:53636', 'FMA:53675', 'FMA:55157', 'FMA:55158', 'FMA:55159', 'FMA:55160', 'FMA:6070', 'FMA:6071', 'FMA:6072', 'FMA:6073', 'FMA:6082', 'FMA:6083', 'FMA:6084', 'FMA:6085', 'FMA:6090', 'FMA:6091', 'FMA:6092', 'FMA:6093', 'FMA:6108', 'FMA:6111', 'FMA:6114', 'FMA:6118', 'FMA:6119', 'FMA:6121', 'FMA:6122', 'FMA:6124', 'FMA:6127', 'FMA:6132', 'FMA:6133', 'FMA:6134', 'FMA:6137', 'FMA:6145', 'FMA:6149', 'FMA:6155', 'FMA:65313', 'FMA:65314', 'FMA:65315', 'FMA:65316', 'FMA:65325', 'FMA:65326', 'FMA:65327', 'FMA:65328', 'FMA:65335', 'FMA:65336', 'FMA:65337', 'FMA:65338', 'FMA:65339', 'FMA:65340', 'FMA:65341', 'FMA:65342', 'FMA:65343', 'FMA:65344', 'FMA:65345', 'FMA:65346', 'FMA:65347', 'FMA:65348', 'FMA:65349', 'FMA:65350', 'FMA:65388', 'FMA:65389', 'FMA:65398', 'FMA:65399', 'FMA:65401', 'FMA:65402', 'FMA:65437', 'FMA:65438', 'FMA:65444', 'FMA:65568', 'FMA:65569', 'FMA:65739', 'FMA:65740', 'FMA:65743', 'FMA:65744', 'FMA:65747', 'FMA:65915', 'FMA:65916', 'FMA:65917', 'FMA:65918', 'FMA:65919', 'FMA:65920', 'FMA:65921', 'FMA:65922', 'FMA:65923', 'FMA:65924', 'FMA:65991', 'FMA:65992', 'FMA:65993', 'FMA:65994', 'FMA:65995', 'FMA:65996', 'FMA:65997', 'FMA:65998', 'FMA:65999', 'FMA:66000', 'FMA:6666', 'FMA:6667', 'FMA:6677', 'FMA:6684', 'FMA:6689', 'FMA:6713', 'FMA:6714', 'FMA:6728', 'FMA:6729', 'FMA:6730', 'FMA:6731', 'FMA:6732', 'FMA:6733', 'FMA:6736', 'FMA:6737', 'FMA:6738', 'FMA:6739', 'FMA:6740', 'FMA:6741', 'FMA:6742', 'FMA:6743', 'FMA:6744', 'FMA:6745', 'FMA:6757', 'FMA:6758', 'FMA:6759', 'FMA:6760', 'FMA:6761', 'FMA:6762', 'FMA:6763', 'FMA:6764', 'FMA:6765', 'FMA:6766', 'FMA:6767', 'FMA:6768', 'FMA:6769', 'FMA:6770', 'FMA:6771', 'FMA:6772', 'FMA:6773', 'FMA:6774', 'FMA:6775', 'FMA:6776', 'FMA:6777', 'FMA:6778', 'FMA:6779', 'FMA:6781', 'FMA:6784', 'FMA:6792', 'FMA:6821', 'FMA:6832', 'FMA:6835', 'FMA:6842', 'FMA:6844', 'FMA:6845', 'FMA:6849', 'FMA:6851', 'FMA:6852', 'FMA:6888', 'FMA:6889', 'FMA:6890', 'FMA:6891', 'FMA:6892', 'FMA:6893', 'FMA:6894', 'FMA:6895', 'FMA:6896', 'FMA:6897', 'FMA:7077', 'FMA:7078', 'FMA:7092', 'FMA:7115', 'FMA:7116', 'FMA:7118', 'FMA:7119', 'FMA:7122', 'FMA:7123', 'FMA:7126', 'FMA:7127', 'FMA:7129', 'FMA:7130', 'FMA:7289', 'FMA:7290', 'FMA:7293', 'FMA:7294', 'FMA:7296', 'FMA:7297', 'FMA:7300', 'FMA:7301', 'FMA:7304', 'FMA:7305', 'FMA:7307', 'FMA:7308', 'FMA:78649', 'FMA:78650', 'FMA:78652', 'FMA:78653', 'FMA:78655', 'FMA:78656', 'FMA:80025', 'FMA:80026', 'FMA:81287', 'FMA:81288', 'FMA:81289', 'FMA:81290', 'FMA:81294', 'FMA:81295', 'FMA:82734', 'FMA:82735', 'FMA:82952', 'FMA:82953', 'FMA:82954', 'FMA:82955', 'FMA:82956', 'FMA:82957', 'FMA:82958', 'FMA:82959', 'FMA:82960', 'FMA:82961', 'FMA:82962', 'FMA:82963', 'FMA:8725', 'FMA:8726', 'FMA:8728', 'FMA:8729', 'FMA:8731', 'FMA:8732', 'FMA:8734', 'FMA:8735', 'FMA:8790', 'FMA:8791', 'FMA:8794', 'FMA:8795', 'FMA:8797', 'FMA:8798', 'FMA:8805', 'FMA:8807', 'FMA:8808', 'FMA:8811', 'FMA:8812', 'FMA:8814', 'FMA:8815', 'FMA:8817', 'FMA:8818', 'FMA:8820', 'FMA:8821', 'FMA:8823', 'FMA:8824', 'FMA:8826', 'FMA:8827', 'FMA:8829', 'FMA:8830', 'FMA:8832', 'FMA:8833', 'FMA:8835', 'FMA:8836', 'FMA:8860', 'FMA:8861', 'FMA:8864', 'FMA:8865', 'FMA:8867', 'FMA:8868', 'FMA:8871', 'FMA:8872', 'FMA:8875', 'FMA:8876', 'FMA:8878', 'FMA:8879', 'FMA:8882', 'FMA:8883', 'FMA:8886', 'FMA:8887', 'FMA:8889', 'FMA:8890', 'FMA:8893', 'FMA:8894', 'FMA:8897', 'FMA:8898', 'FMA:8900', 'FMA:8901', 'FMA:8904', 'FMA:8905', 'FMA:8908', 'FMA:8909', 'FMA:8911', 'FMA:8912', 'FMA:8916', 'FMA:8917', 'FMA:8918', 'FMA:8919', 'FMA:8922', 'UBERON:0011766', 'UBERON:0011767']",True
271,ilxtr:sparc-nlp/swglnd/159,[],['UBERON:0001021'],"['FMA:16491', 'FMA:16492', 'FMA:16493', 'FMA:16494', 'FMA:16497', 'FMA:16498', 'FMA:16499', 'FMA:16500', 'FMA:16501', 'FMA:16502', 'FMA:20630', 'FMA:20631', 'FMA:21863', 'FMA:21864', 'FMA:37065', 'FMA:37066', 'FMA:37067', 'FMA:37068', 'FMA:37070', 'FMA:37071', 'FMA:37073', 'FMA:37074', 'FMA:37320', 'FMA:37321', 'FMA:39081', 'FMA:39082', 'FMA:55155', 'FMA:55156', 'FMA:55172', 'FMA:55173', 'FMA:6192', 'FMA:6193', 'FMA:65247', 'FMA:65248', 'FMA:65281', 'FMA:65282', 'FMA:65285', 'FMA:65286', 'FMA:65415', 'FMA:65416', 'FMA:0328826', 'FMA:0328827', 'FMA:0328830', 'FMA:0328831', 'FMA:11018', 'FMA:11039', 'FMA:11063', 'FMA:11084', 'FMA:11092', 'FMA:11111', 'FMA:11153', 'FMA:11154', 'FMA:11193', 'FMA:11194', 'FMA:11209', 'FMA:11210', 'FMA:11211', 'FMA:11212', 'FMA:11213', 'FMA:11214', 'FMA:11215', 'FMA:11216', 'FMA:11217', 'FMA:11218', 'FMA:11219', 'FMA:11220', 'FMA:11249', 'FMA:11250', 'FMA:11252', 'FMA:11253', 'FMA:11261', 'FMA:11262', 'FMA:11308', 'FMA:11551', 'FMA:11552', 'FMA:11554', 'FMA:11555', 'FMA:11681', 'FMA:11687', 'FMA:11751', 'FMA:11752', 'FMA:11753', 'FMA:11754', 'FMA:11755', 'FMA:11756', 'FMA:11757', 'FMA:11758', 'FMA:11759', 'FMA:11760', 'FMA:11780', 'FMA:11781', 'FMA:11788', 'FMA:11789', 'FMA:16400', 'FMA:16401', 'FMA:16402', 'FMA:16403', 'FMA:16404', 'FMA:16405', 'FMA:16884', 'FMA:16885', 'FMA:16886', 'FMA:16887', 'FMA:20604', 'FMA:20605', 'FMA:20607', 'FMA:20608', 'FMA:20632', 'FMA:20633', 'FMA:20634', 'FMA:20635', 'FMA:21871', 'FMA:21872', 'FMA:21873', 'FMA:21874', 'FMA:21875', 'FMA:21876', 'FMA:21879', 'FMA:21880', 'FMA:22109', 'FMA:22110', 'FMA:22111', 'FMA:22112', 'FMA:276379', 'FMA:276381', 'FMA:291236', 'FMA:291238', 'FMA:292830', 'FMA:292832', 'FMA:292887', 'FMA:292889', 'FMA:39083', 'FMA:39084', 'FMA:39146', 'FMA:39147', 'FMA:44734', 'FMA:44735', 'FMA:44769', 'FMA:44770', 'FMA:44870', 'FMA:44871', 'FMA:44892', 'FMA:44893', 'FMA:44894', 'FMA:44898', 'FMA:44899', 'FMA:44901', 'FMA:44902', 'FMA:44904', 'FMA:44905', 'FMA:44932', 'FMA:44950', 'FMA:44951', 'FMA:44952', 'FMA:44953', 'FMA:45253', 'FMA:45254', 'FMA:45263', 'FMA:45264', 'FMA:45308', 'FMA:45309', 'FMA:45310', 'FMA:45311', 'FMA:45326', 'FMA:45327', 'FMA:45333', 'FMA:45334', 'FMA:45338', 'FMA:45339', 'FMA:45354', 'FMA:45355', 'FMA:45357', 'FMA:45358', 'FMA:45361', 'FMA:45362', 'FMA:45363', 'FMA:45364', 'FMA:45365', 'FMA:45366', 'FMA:45367', 'FMA:45368', 'FMA:45379', 'FMA:45380', 'FMA:45381', 'FMA:45382', 'FMA:45387', 'FMA:45388', 'FMA:45422', 'FMA:45423', 'FMA:45424', 'FMA:45425', 'FMA:45426', 'FMA:45427', 'FMA:45428', 'FMA:45429', 'FMA:45432', 'FMA:45433', 'FMA:45434', 'FMA:45435', 'FMA:45450', 'FMA:45451', 'FMA:45452', 'FMA:45453', 'FMA:45454', 'FMA:45455', 'FMA:45456', 'FMA:45457', 'FMA:52622', 'FMA:52623', 'FMA:52626', 'FMA:52627', 'FMA:52629', 'FMA:52630', 'FMA:52639', 'FMA:52640', 'FMA:52643', 'FMA:52644', 'FMA:52656', 'FMA:52657', 'FMA:52669', 'FMA:52670', 'FMA:52673', 'FMA:52674', 'FMA:52676', 'FMA:52677', 'FMA:52698', 'FMA:52699', 'FMA:52700', 'FMA:52701', 'FMA:52715', 'FMA:52716', 'FMA:52725', 'FMA:52726', 'FMA:52729', 'FMA:52730', 'FMA:52732', 'FMA:52733', 'FMA:52776', 'FMA:52777', 'FMA:52778', 'FMA:52779', 'FMA:52784', 'FMA:52785', 'FMA:52786', 'FMA:52787', 'FMA:52798', 'FMA:52799', 'FMA:52803', 'FMA:52804', 'FMA:52806', 'FMA:52807', 'FMA:52936', 'FMA:52937', 'FMA:52939', 'FMA:52940', 'FMA:52941', 'FMA:52942', 'FMA:52968', 'FMA:52969', 'FMA:52974', 'FMA:52975', 'FMA:52976', 'FMA:52977', 'FMA:52979', 'FMA:52980', 'FMA:52987', 'FMA:52988', 'FMA:52994', 'FMA:52995', 'FMA:52997', 'FMA:52998', 'FMA:53001', 'FMA:53002', 'FMA:53048', 'FMA:53049', 'FMA:53067', 'FMA:53068', 'FMA:53219', 'FMA:53220', 'FMA:53244', 'FMA:53245', 'FMA:53251', 'FMA:53252', 'FMA:53279', 'FMA:53280', 'FMA:53301', 'FMA:53302', 'FMA:53308', 'FMA:53309', 'FMA:53311', 'FMA:53312', 'FMA:53366', 'FMA:53367', 'FMA:53398', 'FMA:53399', 'FMA:53402', 'FMA:53409', 'FMA:53423', 'FMA:53424', 'FMA:53432', 'FMA:53433', 'FMA:53481', 'FMA:53482', 'FMA:53484', 'FMA:53485', 'FMA:53494', 'FMA:53495', 'FMA:53502', 'FMA:53503', 'FMA:53504', 'FMA:53505', 'FMA:53506', 'FMA:53507', 'FMA:53508', 'FMA:53509', 'FMA:53530', 'FMA:53534', 'FMA:53535', 'FMA:53536', 'FMA:53537', 'FMA:53538', 'FMA:53539', 'FMA:53540', 'FMA:53541', 'FMA:53542', 'FMA:53545', 'FMA:53546', 'FMA:53547', 'FMA:53548', 'FMA:53559', 'FMA:53560', 'FMA:53561', 'FMA:53562', 'FMA:53567', 'FMA:53568', 'FMA:53569', 'FMA:53570', 'FMA:53571', 'FMA:53572', 'FMA:53575', 'FMA:53576', 'FMA:53581', 'FMA:53582', 'FMA:53588', 'FMA:53589', 'FMA:53590', 'FMA:53598', 'FMA:53599', 'FMA:53604', 'FMA:53605', 'FMA:53606', 'FMA:53607', 'FMA:53608', 'FMA:53609', 'FMA:53610', 'FMA:53611', 'FMA:53633', 'FMA:53634', 'FMA:53635', 'FMA:53636', 'FMA:53675', 'FMA:55157', 'FMA:55158', 'FMA:55159', 'FMA:55160', 'FMA:6070', 'FMA:6071', 'FMA:6072', 'FMA:6073', 'FMA:6082', 'FMA:6083', 'FMA:6084', 'FMA:6085', 'FMA:6090', 'FMA:6091', 'FMA:6092', 'FMA:6093', 'FMA:6108', 'FMA:6111', 'FMA:6114', 'FMA:6118', 'FMA:6119', 'FMA:6121', 'FMA:6122', 'FMA:6124', 'FMA:6127', 'FMA:6132', 'FMA:6133', 'FMA:6134', 'FMA:6137', 'FMA:6145', 'FMA:6149', 'FMA:6155', 'FMA:65313', 'FMA:65314', 'FMA:65315', 'FMA:65316', 'FMA:65325', 'FMA:65326', 'FMA:65327', 'FMA:65328', 'FMA:65335', 'FMA:65336', 'FMA:65337', 'FMA:65338', 'FMA:65339', 'FMA:65340', 'FMA:65341', 'FMA:65342', 'FMA:65343', 'FMA:65344', 'FMA:65345', 'FMA:65346', 'FMA:65347', 'FMA:65348', 'FMA:65349', 'FMA:65350', 'FMA:65388', 'FMA:65389', 'FMA:65398', 'FMA:65399', 'FMA:65401', 'FMA:65402', 'FMA:65437', 'FMA:65438', 'FMA:65444', 'FMA:65568', 'FMA:65569', 'FMA:65739', 'FMA:65740', 'FMA:65743', 'FMA:65744', 'FMA:65747', 'FMA:65915', 'FMA:65916', 'FMA:65917', 'FMA:65918', 'FMA:65919', 'FMA:65920', 'FMA:65921', 'FMA:65922', 'FMA:65923', 'FMA:65924', 'FMA:65991', 'FMA:65992', 'FMA:65993', 'FMA:65994', 'FMA:65995', 'FMA:65996', 'FMA:65997', 'FMA:65998', 'FMA:65999', 'FMA:66000', 'FMA:6666', 'FMA:6667', 'FMA:6677', 'FMA:6684', 'FMA:6689', 'FMA:6713', 'FMA:6714', 'FMA:6728', 'FMA:6729', 'FMA:6730', 'FMA:6731', 'FMA:6732', 'FMA:6733', 'FMA:6736', 'FMA:6737', 'FMA:6738', 'FMA:6739', 'FMA:6740', 'FMA:6741', 'FMA:6742', 'FMA:6743', 'FMA:6744', 'FMA:6745', 'FMA:6757', 'FMA:6758', 'FMA:6759', 'FMA:6760', 'FMA:6761', 'FMA:6762', 'FMA:6763', 'FMA:6764', 'FMA:6765', 'FMA:6766', 'FMA:6767', 'FMA:6768', 'FMA:6769', 'FMA:6770', 'FMA:6771', 'FMA:6772', 'FMA:6773', 'FMA:6774', 'FMA:6775', 'FMA:6776', 'FMA:6777', 'FMA:6778', 'FMA:6779', 'FMA:6781', 'FMA:6784', 'FMA:6792', 'FMA:6821', 'FMA:6832', 'FMA:6835', 'FMA:6842', 'FMA:6844', 'FMA:6845', 'FMA:6849', 'FMA:6851', 'FMA:6852', 'FMA:6888', 'FMA:6889', 'FMA:6890', 'FMA:6891', 'FMA:6892', 'FMA:6893', 'FMA:6894', 'FMA:6895', 'FMA:6896', 'FMA:6897', 'FMA:7077', 'FMA:7078', 'FMA:7092', 'FMA:7115', 'FMA:7116', 'FMA:7118', 'FMA:7119', 'FMA:7122', 'FMA:7123', 'FMA:7126', 'FMA:7127', 'FMA:7129', 'FMA:7130', 'FMA:7289', 'FMA:7290', 'FMA:7293', 'FMA:7294', 'FMA:7296', 'FMA:7297', 'FMA:7300', 'FMA:7301', 'FMA:7304', 'FMA:7305', 'FMA:7307', 'FMA:7308', 'FMA:78649', 'FMA:78650', 'FMA:78652', 'FMA:78653', 'FMA:78655', 'FMA:78656', 'FMA:80025', 'FMA:80026', 'FMA:81287', 'FMA:81288', 'FMA:81289', 'FMA:81290', 'FMA:81294', 'FMA:81295', 'FMA:82734', 'FMA:82735', 'FMA:82952', 'FMA:82953', 'FMA:82954', 'FMA:82955', 'FMA:82956', 'FMA:82957', 'FMA:82958', 'FMA:82959', 'FMA:82960', 'FMA:82961', 'FMA:82962', 'FMA:82963', 'FMA:8725', 'FMA:8726', 'FMA:8728', 'FMA:8729', 'FMA:8731', 'FMA:8732', 'FMA:8734', 'FMA:8735', 'FMA:8790', 'FMA:8791', 'FMA:8794', 'FMA:8795', 'FMA:8797', 'FMA:8798', 'FMA:8805', 'FMA:8807', 'FMA:8808', 'FMA:8811', 'FMA:8812', 'FMA:8814', 'FMA:8815', 'FMA:8817', 'FMA:8818', 'FMA:8820', 'FMA:8821', 'FMA:8823', 'FMA:8824', 'FMA:8826', 'FMA:8827', 'FMA:8829', 'FMA:8830', 'FMA:8832', 'FMA:8833', 'FMA:8835', 'FMA:8836', 'FMA:8860', 'FMA:8861', 'FMA:8864', 'FMA:8865', 'FMA:8867', 'FMA:8868', 'FMA:8871', 'FMA:8872', 'FMA:8875', 'FMA:8876', 'FMA:8878', 'FMA:8879', 'FMA:8882', 'FMA:8883', 'FMA:8886', 'FMA:8887', 'FMA:8889', 'FMA:8890', 'FMA:8893', 'FMA:8894', 'FMA:8897', 'FMA:8898', 'FMA:8900', 'FMA:8901', 'FMA:8904', 'FMA:8905', 'FMA:8908', 'FMA:8909', 'FMA:8911', 'FMA:8912', 'FMA:8916', 'FMA:8917', 'FMA:8918', 'FMA:8919', 'FMA:8922', 'UBERON:0011766', 'UBERON:0011767']",True
272,ilxtr:sparc-nlp/swglnd/161,[],['UBERON:0001021'],"['FMA:16491', 'FMA:16492', 'FMA:16493', 'FMA:16494', 'FMA:16497', 'FMA:16498', 'FMA:16499', 'FMA:16500', 'FMA:16501', 'FMA:16502', 'FMA:20630', 'FMA:20631', 'FMA:21863', 'FMA:21864', 'FMA:37065', 'FMA:37066', 'FMA:37067', 'FMA:37068', 'FMA:37070', 'FMA:37071', 'FMA:37073', 'FMA:37074', 'FMA:37320', 'FMA:37321', 'FMA:39081', 'FMA:39082', 'FMA:55155', 'FMA:55156', 'FMA:55172', 'FMA:55173', 'FMA:6192', 'FMA:6193', 'FMA:65247', 'FMA:65248', 'FMA:65281', 'FMA:65282', 'FMA:65285', 'FMA:65286', 'FMA:65415', 'FMA:65416', 'FMA:0328826', 'FMA:0328827', 'FMA:0328830', 'FMA:0328831', 'FMA:11018', 'FMA:11039', 'FMA:11063', 'FMA:11084', 'FMA:11092', 'FMA:11111', 'FMA:11153', 'FMA:11154', 'FMA:11193', 'FMA:11194', 'FMA:11209', 'FMA:11210', 'FMA:11211', 'FMA:11212', 'FMA:11213', 'FMA:11214', 'FMA:11215', 'FMA:11216', 'FMA:11217', 'FMA:11218', 'FMA:11219', 'FMA:11220', 'FMA:11249', 'FMA:11250', 'FMA:11252', 'FMA:11253', 'FMA:11261', 'FMA:11262', 'FMA:11308', 'FMA:11551', 'FMA:11552', 'FMA:11554', 'FMA:11555', 'FMA:11681', 'FMA:11687', 'FMA:11751', 'FMA:11752', 'FMA:11753', 'FMA:11754', 'FMA:11755', 'FMA:11756', 'FMA:11757', 'FMA:11758', 'FMA:11759', 'FMA:11760', 'FMA:11780', 'FMA:11781', 'FMA:11788', 'FMA:11789', 'FMA:16400', 'FMA:16401', 'FMA:16402', 'FMA:16403', 'FMA:16404', 'FMA:16405', 'FMA:16884', 'FMA:16885', 'FMA:16886', 'FMA:16887', 'FMA:20604', 'FMA:20605', 'FMA:20607', 'FMA:20608', 'FMA:20632', 'FMA:20633', 'FMA:20634', 'FMA:20635', 'FMA:21871', 'FMA:21872', 'FMA:21873', 'FMA:21874', 'FMA:21875', 'FMA:21876', 'FMA:21879', 'FMA:21880', 'FMA:22109', 'FMA:22110', 'FMA:22111', 'FMA:22112', 'FMA:276379', 'FMA:276381', 'FMA:291236', 'FMA:291238', 'FMA:292830', 'FMA:292832', 'FMA:292887', 'FMA:292889', 'FMA:39083', 'FMA:39084', 'FMA:39146', 'FMA:39147', 'FMA:44734', 'FMA:44735', 'FMA:44769', 'FMA:44770', 'FMA:44870', 'FMA:44871', 'FMA:44892', 'FMA:44893', 'FMA:44894', 'FMA:44898', 'FMA:44899', 'FMA:44901', 'FMA:44902', 'FMA:44904', 'FMA:44905', 'FMA:44932', 'FMA:44950', 'FMA:44951', 'FMA:44952', 'FMA:44953', 'FMA:45253', 'FMA:45254', 'FMA:45263', 'FMA:45264', 'FMA:45308', 'FMA:45309', 'FMA:45310', 'FMA:45311', 'FMA:45326', 'FMA:45327', 'FMA:45333', 'FMA:45334', 'FMA:45338', 'FMA:45339', 'FMA:45354', 'FMA:45355', 'FMA:45357', 'FMA:45358', 'FMA:45361', 'FMA:45362', 'FMA:45363', 'FMA:45364', 'FMA:45365', 'FMA:45366', 'FMA:45367', 'FMA:45368', 'FMA:45379', 'FMA:45380', 'FMA:45381', 'FMA:45382', 'FMA:45387', 'FMA:45388', 'FMA:45422', 'FMA:45423', 'FMA:45424', 'FMA:45425', 'FMA:45426', 'FMA:45427', 'FMA:45428', 'FMA:45429', 'FMA:45432', 'FMA:45433', 'FMA:45434', 'FMA:45435', 'FMA:45450', 'FMA:45451', 'FMA:45452', 'FMA:45453', 'FMA:45454', 'FMA:45455', 'FMA:45456', 'FMA:45457', 'FMA:52622', 'FMA:52623', 'FMA:52626', 'FMA:52627', 'FMA:52629', 'FMA:52630', 'FMA:52639', 'FMA:52640', 'FMA:52643', 'FMA:52644', 'FMA:52656', 'FMA:52657', 'FMA:52669', 'FMA:52670', 'FMA:52673', 'FMA:52674', 'FMA:52676', 'FMA:52677', 'FMA:52698', 'FMA:52699', 'FMA:52700', 'FMA:52701', 'FMA:52715', 'FMA:52716', 'FMA:52725', 'FMA:52726', 'FMA:52729', 'FMA:52730', 'FMA:52732', 'FMA:52733', 'FMA:52776', 'FMA:52777', 'FMA:52778', 'FMA:52779', 'FMA:52784', 'FMA:52785', 'FMA:52786', 'FMA:52787', 'FMA:52798', 'FMA:52799', 'FMA:52803', 'FMA:52804', 'FMA:52806', 'FMA:52807', 'FMA:52936', 'FMA:52937', 'FMA:52939', 'FMA:52940', 'FMA:52941', 'FMA:52942', 'FMA:52968', 'FMA:52969', 'FMA:52974', 'FMA:52975', 'FMA:52976', 'FMA:52977', 'FMA:52979', 'FMA:52980', 'FMA:52987', 'FMA:52988', 'FMA:52994', 'FMA:52995', 'FMA:52997', 'FMA:52998', 'FMA:53001', 'FMA:53002', 'FMA:53048', 'FMA:53049', 'FMA:53067', 'FMA:53068', 'FMA:53219', 'FMA:53220', 'FMA:53244', 'FMA:53245', 'FMA:53251', 'FMA:53252', 'FMA:53279', 'FMA:53280', 'FMA:53301', 'FMA:53302', 'FMA:53308', 'FMA:53309', 'FMA:53311', 'FMA:53312', 'FMA:53366', 'FMA:53367', 'FMA:53398', 'FMA:53399', 'FMA:53402', 'FMA:53409', 'FMA:53423', 'FMA:53424', 'FMA:53432', 'FMA:53433', 'FMA:53481', 'FMA:53482', 'FMA:53484', 'FMA:53485', 'FMA:53494', 'FMA:53495', 'FMA:53502', 'FMA:53503', 'FMA:53504', 'FMA:53505', 'FMA:53506', 'FMA:53507', 'FMA:53508', 'FMA:53509', 'FMA:53530', 'FMA:53534', 'FMA:53535', 'FMA:53536', 'FMA:53537', 'FMA:53538', 'FMA:53539', 'FMA:53540', 'FMA:53541', 'FMA:53542', 'FMA:53545', 'FMA:53546', 'FMA:53547', 'FMA:53548', 'FMA:53559', 'FMA:53560', 'FMA:53561', 'FMA:53562', 'FMA:53567', 'FMA:53568', 'FMA:53569', 'FMA:53570', 'FMA:53571', 'FMA:53572', 'FMA:53575', 'FMA:53576', 'FMA:53581', 'FMA:53582', 'FMA:53588', 'FMA:53589', 'FMA:53590', 'FMA:53598', 'FMA:53599', 'FMA:53604', 'FMA:53605', 'FMA:53606', 'FMA:53607', 'FMA:53608', 'FMA:53609', 'FMA:53610', 'FMA:53611', 'FMA:53633', 'FMA:53634', 'FMA:53635', 'FMA:53636', 'FMA:53675', 'FMA:55157', 'FMA:55158', 'FMA:55159', 'FMA:55160', 'FMA:6070', 'FMA:6071', 'FMA:6072', 'FMA:6073', 'FMA:6082', 'FMA:6083', 'FMA:6084', 'FMA:6085', 'FMA:6090', 'FMA:6091', 'FMA:6092', 'FMA:6093', 'FMA:6108', 'FMA:6111', 'FMA:6114', 'FMA:6118', 'FMA:6119', 'FMA:6121', 'FMA:6122', 'FMA:6124', 'FMA:6127', 'FMA:6132', 'FMA:6133', 'FMA:6134', 'FMA:6137', 'FMA:6145', 'FMA:6149', 'FMA:6155', 'FMA:65313', 'FMA:65314', 'FMA:65315', 'FMA:65316', 'FMA:65325', 'FMA:65326', 'FMA:65327', 'FMA:65328', 'FMA:65335', 'FMA:65336', 'FMA:65337', 'FMA:65338', 'FMA:65339', 'FMA:65340', 'FMA:65341', 'FMA:65342', 'FMA:65343', 'FMA:65344', 'FMA:65345', 'FMA:65346', 'FMA:65347', 'FMA:65348', 'FMA:65349', 'FMA:65350', 'FMA:65388', 'FMA:65389', 'FMA:65398', 'FMA:65399', 'FMA:65401', 'FMA:65402', 'FMA:65437', 'FMA:65438', 'FMA:65444', 'FMA:65568', 'FMA:65569', 'FMA:65739', 'FMA:65740', 'FMA:65743', 'FMA:65744', 'FMA:65747', 'FMA:65915', 'FMA:65916', 'FMA:65917', 'FMA:65918', 'FMA:65919', 'FMA:65920', 'FMA:65921', 'FMA:65922', 'FMA:65923', 'FMA:65924', 'FMA:65991', 'FMA:65992', 'FMA:65993', 'FMA:65994', 'FMA:65995', 'FMA:65996', 'FMA:65997', 'FMA:65998', 'FMA:65999', 'FMA:66000', 'FMA:6666', 'FMA:6667', 'FMA:6677', 'FMA:6684', 'FMA:6689', 'FMA:6713', 'FMA:6714', 'FMA:6728', 'FMA:6729', 'FMA:6730', 'FMA:6731', 'FMA:6732', 'FMA:6733', 'FMA:6736', 'FMA:6737', 'FMA:6738', 'FMA:6739', 'FMA:6740', 'FMA:6741', 'FMA:6742', 'FMA:6743', 'FMA:6744', 'FMA:6745', 'FMA:6757', 'FMA:6758', 'FMA:6759', 'FMA:6760', 'FMA:6761', 'FMA:6762', 'FMA:6763', 'FMA:6764', 'FMA:6765', 'FMA:6766', 'FMA:6767', 'FMA:6768', 'FMA:6769', 'FMA:6770', 'FMA:6771', 'FMA:6772', 'FMA:6773', 'FMA:6774', 'FMA:6775', 'FMA:6776', 'FMA:6777', 'FMA:6778', 'FMA:6779', 'FMA:6781', 'FMA:6784', 'FMA:6792', 'FMA:6821', 'FMA:6832', 'FMA:6835', 'FMA:6842', 'FMA:6844', 'FMA:6845', 'FMA:6849', 'FMA:6851', 'FMA:6852', 'FMA:6888', 'FMA:6889', 'FMA:6890', 'FMA:6891', 'FMA:6892', 'FMA:6893', 'FMA:6894', 'FMA:6895', 'FMA:6896', 'FMA:6897', 'FMA:7077', 'FMA:7078', 'FMA:7092', 'FMA:7115', 'FMA:7116', 'FMA:7118', 'FMA:7119', 'FMA:7122', 'FMA:7123', 'FMA:7126', 'FMA:7127', 'FMA:7129', 'FMA:7130', 'FMA:7289', 'FMA:7290', 'FMA:7293', 'FMA:7294', 'FMA:7296', 'FMA:7297', 'FMA:7300', 'FMA:7301', 'FMA:7304', 'FMA:7305', 'FMA:7307', 'FMA:7308', 'FMA:78649', 'FMA:78650', 'FMA:78652', 'FMA:78653', 'FMA:78655', 'FMA:78656', 'FMA:80025', 'FMA:80026', 'FMA:81287', 'FMA:81288', 'FMA:81289', 'FMA:81290', 'FMA:81294', 'FMA:81295', 'FMA:82734', 'FMA:82735', 'FMA:82952', 'FMA:82953', 'FMA:82954', 'FMA:82955', 'FMA:82956', 'FMA:82957', 'FMA:82958', 'FMA:82959', 'FMA:82960', 'FMA:82961', 'FMA:82962', 'FMA:82963', 'FMA:8725', 'FMA:8726', 'FMA:8728', 'FMA:8729', 'FMA:8731', 'FMA:8732', 'FMA:8734', 'FMA:8735', 'FMA:8790', 'FMA:8791', 'FMA:8794', 'FMA:8795', 'FMA:8797', 'FMA:8798', 'FMA:8805', 'FMA:8807', 'FMA:8808', 'FMA:8811', 'FMA:8812', 'FMA:8814', 'FMA:8815', 'FMA:8817', 'FMA:8818', 'FMA:8820', 'FMA:8821', 'FMA:8823', 'FMA:8824', 'FMA:8826', 'FMA:8827', 'FMA:8829', 'FMA:8830', 'FMA:8832', 'FMA:8833', 'FMA:8835', 'FMA:8836', 'FMA:8860', 'FMA:8861', 'FMA:8864', 'FMA:8865', 'FMA:8867', 'FMA:8868', 'FMA:8871', 'FMA:8872', 'FMA:8875', 'FMA:8876', 'FMA:8878', 'FMA:8879', 'FMA:8882', 'FMA:8883', 'FMA:8886', 'FMA:8887', 'FMA:8889', 'FMA:8890', 'FMA:8893', 'FMA:8894', 'FMA:8897', 'FMA:8898', 'FMA:8900', 'FMA:8901', 'FMA:8904', 'FMA:8905', 'FMA:8908', 'FMA:8909', 'FMA:8911', 'FMA:8912', 'FMA:8916', 'FMA:8917', 'FMA:8918', 'FMA:8919', 'FMA:8922', 'UBERON:0011766', 'UBERON:0011767']",True
273,ilxtr:sparc-nlp/swglnd/163,[],['UBERON:0001021'],"['FMA:16491', 'FMA:16492', 'FMA:16493', 'FMA:16494', 'FMA:16497', 'FMA:16498', 'FMA:16499', 'FMA:16500', 'FMA:16501', 'FMA:16502', 'FMA:20630', 'FMA:20631', 'FMA:21863', 'FMA:21864', 'FMA:37065', 'FMA:37066', 'FMA:37067', 'FMA:37068', 'FMA:37070', 'FMA:37071', 'FMA:37073', 'FMA:37074', 'FMA:37320', 'FMA:37321', 'FMA:39081', 'FMA:39082', 'FMA:55155', 'FMA:55156', 'FMA:55172', 'FMA:55173', 'FMA:6192', 'FMA:6193', 'FMA:65247', 'FMA:65248', 'FMA:65281', 'FMA:65282', 'FMA:65285', 'FMA:65286', 'FMA:65415', 'FMA:65416', 'FMA:0328826', 'FMA:0328827', 'FMA:0328830', 'FMA:0328831', 'FMA:11018', 'FMA:11039', 'FMA:11063', 'FMA:11084', 'FMA:11092', 'FMA:11111', 'FMA:11153', 'FMA:11154', 'FMA:11193', 'FMA:11194', 'FMA:11209', 'FMA:11210', 'FMA:11211', 'FMA:11212', 'FMA:11213', 'FMA:11214', 'FMA:11215', 'FMA:11216', 'FMA:11217', 'FMA:11218', 'FMA:11219', 'FMA:11220', 'FMA:11249', 'FMA:11250', 'FMA:11252', 'FMA:11253', 'FMA:11261', 'FMA:11262', 'FMA:11308', 'FMA:11551', 'FMA:11552', 'FMA:11554', 'FMA:11555', 'FMA:11681', 'FMA:11687', 'FMA:11751', 'FMA:11752', 'FMA:11753', 'FMA:11754', 'FMA:11755', 'FMA:11756', 'FMA:11757', 'FMA:11758', 'FMA:11759', 'FMA:11760', 'FMA:11780', 'FMA:11781', 'FMA:11788', 'FMA:11789', 'FMA:16400', 'FMA:16401', 'FMA:16402', 'FMA:16403', 'FMA:16404', 'FMA:16405', 'FMA:16884', 'FMA:16885', 'FMA:16886', 'FMA:16887', 'FMA:20604', 'FMA:20605', 'FMA:20607', 'FMA:20608', 'FMA:20632', 'FMA:20633', 'FMA:20634', 'FMA:20635', 'FMA:21871', 'FMA:21872', 'FMA:21873', 'FMA:21874', 'FMA:21875', 'FMA:21876', 'FMA:21879', 'FMA:21880', 'FMA:22109', 'FMA:22110', 'FMA:22111', 'FMA:22112', 'FMA:276379', 'FMA:276381', 'FMA:291236', 'FMA:291238', 'FMA:292830', 'FMA:292832', 'FMA:292887', 'FMA:292889', 'FMA:39083', 'FMA:39084', 'FMA:39146', 'FMA:39147', 'FMA:44734', 'FMA:44735', 'FMA:44769', 'FMA:44770', 'FMA:44870', 'FMA:44871', 'FMA:44892', 'FMA:44893', 'FMA:44894', 'FMA:44898', 'FMA:44899', 'FMA:44901', 'FMA:44902', 'FMA:44904', 'FMA:44905', 'FMA:44932', 'FMA:44950', 'FMA:44951', 'FMA:44952', 'FMA:44953', 'FMA:45253', 'FMA:45254', 'FMA:45263', 'FMA:45264', 'FMA:45308', 'FMA:45309', 'FMA:45310', 'FMA:45311', 'FMA:45326', 'FMA:45327', 'FMA:45333', 'FMA:45334', 'FMA:45338', 'FMA:45339', 'FMA:45354', 'FMA:45355', 'FMA:45357', 'FMA:45358', 'FMA:45361', 'FMA:45362', 'FMA:45363', 'FMA:45364', 'FMA:45365', 'FMA:45366', 'FMA:45367', 'FMA:45368', 'FMA:45379', 'FMA:45380', 'FMA:45381', 'FMA:45382', 'FMA:45387', 'FMA:45388', 'FMA:45422', 'FMA:45423', 'FMA:45424', 'FMA:45425', 'FMA:45426', 'FMA:45427', 'FMA:45428', 'FMA:45429', 'FMA:45432', 'FMA:45433', 'FMA:45434', 'FMA:45435', 'FMA:45450', 'FMA:45451', 'FMA:45452', 'FMA:45453', 'FMA:45454', 'FMA:45455', 'FMA:45456', 'FMA:45457', 'FMA:52622', 'FMA:52623', 'FMA:52626', 'FMA:52627', 'FMA:52629', 'FMA:52630', 'FMA:52639', 'FMA:52640', 'FMA:52643', 'FMA:52644', 'FMA:52656', 'FMA:52657', 'FMA:52669', 'FMA:52670', 'FMA:52673', 'FMA:52674', 'FMA:52676', 'FMA:52677', 'FMA:52698', 'FMA:52699', 'FMA:52700', 'FMA:52701', 'FMA:52715', 'FMA:52716', 'FMA:52725', 'FMA:52726', 'FMA:52729', 'FMA:52730', 'FMA:52732', 'FMA:52733', 'FMA:52776', 'FMA:52777', 'FMA:52778', 'FMA:52779', 'FMA:52784', 'FMA:52785', 'FMA:52786', 'FMA:52787', 'FMA:52798', 'FMA:52799', 'FMA:52803', 'FMA:52804', 'FMA:52806', 'FMA:52807', 'FMA:52936', 'FMA:52937', 'FMA:52939', 'FMA:52940', 'FMA:52941', 'FMA:52942', 'FMA:52968', 'FMA:52969', 'FMA:52974', 'FMA:52975', 'FMA:52976', 'FMA:52977', 'FMA:52979', 'FMA:52980', 'FMA:52987', 'FMA:52988', 'FMA:52994', 'FMA:52995', 'FMA:52997', 'FMA:52998', 'FMA:53001', 'FMA:53002', 'FMA:53048', 'FMA:53049', 'FMA:53067', 'FMA:53068', 'FMA:53219', 'FMA:53220', 'FMA:53244', 'FMA:53245', 'FMA:53251', 'FMA:53252', 'FMA:53279', 'FMA:53280', 'FMA:53301', 'FMA:53302', 'FMA:53308', 'FMA:53309', 'FMA:53311', 'FMA:53312', 'FMA:53366', 'FMA:53367', 'FMA:53398', 'FMA:53399', 'FMA:53402', 'FMA:53409', 'FMA:53423', 'FMA:53424', 'FMA:53432', 'FMA:53433', 'FMA:53481', 'FMA:53482', 'FMA:53484', 'FMA:53485', 'FMA:53494', 'FMA:53495', 'FMA:53502', 'FMA:53503', 'FMA:53504', 'FMA:53505', 'FMA:53506', 'FMA:53507', 'FMA:53508', 'FMA:53509', 'FMA:53530', 'FMA:53534', 'FMA:53535', 'FMA:53536', 'FMA:53537', 'FMA:53538', 'FMA:53539', 'FMA:53540', 'FMA:53541', 'FMA:53542', 'FMA:53545', 'FMA:53546', 'FMA:53547', 'FMA:53548', 'FMA:53559', 'FMA:53560', 'FMA:53561', 'FMA:53562', 'FMA:53567', 'FMA:53568', 'FMA:53569', 'FMA:53570', 'FMA:53571', 'FMA:53572', 'FMA:53575', 'FMA:53576', 'FMA:53581', 'FMA:53582', 'FMA:53588', 'FMA:53589', 'FMA:53590', 'FMA:53598', 'FMA:53599', 'FMA:53604', 'FMA:53605', 'FMA:53606', 'FMA:53607', 'FMA:53608', 'FMA:53609', 'FMA:53610', 'FMA:53611', 'FMA:53633', 'FMA:53634', 'FMA:53635', 'FMA:53636', 'FMA:53675', 'FMA:55157', 'FMA:55158', 'FMA:55159', 'FMA:55160', 'FMA:6070', 'FMA:6071', 'FMA:6072', 'FMA:6073', 'FMA:6082', 'FMA:6083', 'FMA:6084', 'FMA:6085', 'FMA:6090', 'FMA:6091', 'FMA:6092', 'FMA:6093', 'FMA:6108', 'FMA:6111', 'FMA:6114', 'FMA:6118', 'FMA:6119', 'FMA:6121', 'FMA:6122', 'FMA:6124', 'FMA:6127', 'FMA:6132', 'FMA:6133', 'FMA:6134', 'FMA:6137', 'FMA:6145', 'FMA:6149', 'FMA:6155', 'FMA:65313', 'FMA:65314', 'FMA:65315', 'FMA:65316', 'FMA:65325', 'FMA:65326', 'FMA:65327', 'FMA:65328', 'FMA:65335', 'FMA:65336', 'FMA:65337', 'FMA:65338', 'FMA:65339', 'FMA:65340', 'FMA:65341', 'FMA:65342', 'FMA:65343', 'FMA:65344', 'FMA:65345', 'FMA:65346', 'FMA:65347', 'FMA:65348', 'FMA:65349', 'FMA:65350', 'FMA:65388', 'FMA:65389', 'FMA:65398', 'FMA:65399', 'FMA:65401', 'FMA:65402', 'FMA:65437', 'FMA:65438', 'FMA:65444', 'FMA:65568', 'FMA:65569', 'FMA:65739', 'FMA:65740', 'FMA:65743', 'FMA:65744', 'FMA:65747', 'FMA:65915', 'FMA:65916', 'FMA:65917', 'FMA:65918', 'FMA:65919', 'FMA:65920', 'FMA:65921', 'FMA:65922', 'FMA:65923', 'FMA:65924', 'FMA:65991', 'FMA:65992', 'FMA:65993', 'FMA:65994', 'FMA:65995', 'FMA:65996', 'FMA:65997', 'FMA:65998', 'FMA:65999', 'FMA:66000', 'FMA:6666', 'FMA:6667', 'FMA:6677', 'FMA:6684', 'FMA:6689', 'FMA:6713', 'FMA:6714', 'FMA:6728', 'FMA:6729', 'FMA:6730', 'FMA:6731', 'FMA:6732', 'FMA:6733', 'FMA:6736', 'FMA:6737', 'FMA:6738', 'FMA:6739', 'FMA:6740', 'FMA:6741', 'FMA:6742', 'FMA:6743', 'FMA:6744', 'FMA:6745', 'FMA:6757', 'FMA:6758', 'FMA:6759', 'FMA:6760', 'FMA:6761', 'FMA:6762', 'FMA:6763', 'FMA:6764', 'FMA:6765', 'FMA:6766', 'FMA:6767', 'FMA:6768', 'FMA:6769', 'FMA:6770', 'FMA:6771', 'FMA:6772', 'FMA:6773', 'FMA:6774', 'FMA:6775', 'FMA:6776', 'FMA:6777', 'FMA:6778', 'FMA:6779', 'FMA:6781', 'FMA:6784', 'FMA:6792', 'FMA:6821', 'FMA:6832', 'FMA:6835', 'FMA:6842', 'FMA:6844', 'FMA:6845', 'FMA:6849', 'FMA:6851', 'FMA:6852', 'FMA:6888', 'FMA:6889', 'FMA:6890', 'FMA:6891', 'FMA:6892', 'FMA:6893', 'FMA:6894', 'FMA:6895', 'FMA:6896', 'FMA:6897', 'FMA:7077', 'FMA:7078', 'FMA:7092', 'FMA:7115', 'FMA:7116', 'FMA:7118', 'FMA:7119', 'FMA:7122', 'FMA:7123', 'FMA:7126', 'FMA:7127', 'FMA:7129', 'FMA:7130', 'FMA:7289', 'FMA:7290', 'FMA:7293', 'FMA:7294', 'FMA:7296', 'FMA:7297', 'FMA:7300', 'FMA:7301', 'FMA:7304', 'FMA:7305', 'FMA:7307', 'FMA:7308', 'FMA:78649', 'FMA:78650', 'FMA:78652', 'FMA:78653', 'FMA:78655', 'FMA:78656', 'FMA:80025', 'FMA:80026', 'FMA:81287', 'FMA:81288', 'FMA:81289', 'FMA:81290', 'FMA:81294', 'FMA:81295', 'FMA:82734', 'FMA:82735', 'FMA:82952', 'FMA:82953', 'FMA:82954', 'FMA:82955', 'FMA:82956', 'FMA:82957', 'FMA:82958', 'FMA:82959', 'FMA:82960', 'FMA:82961', 'FMA:82962', 'FMA:82963', 'FMA:8725', 'FMA:8726', 'FMA:8728', 'FMA:8729', 'FMA:8731', 'FMA:8732', 'FMA:8734', 'FMA:8735', 'FMA:8790', 'FMA:8791', 'FMA:8794', 'FMA:8795', 'FMA:8797', 'FMA:8798', 'FMA:8805', 'FMA:8807', 'FMA:8808', 'FMA:8811', 'FMA:8812', 'FMA:8814', 'FMA:8815', 'FMA:8817', 'FMA:8818', 'FMA:8820', 'FMA:8821', 'FMA:8823', 'FMA:8824', 'FMA:8826', 'FMA:8827', 'FMA:8829', 'FMA:8830', 'FMA:8832', 'FMA:8833', 'FMA:8835', 'FMA:8836', 'FMA:8860', 'FMA:8861', 'FMA:8864', 'FMA:8865', 'FMA:8867', 'FMA:8868', 'FMA:8871', 'FMA:8872', 'FMA:8875', 'FMA:8876', 'FMA:8878', 'FMA:8879', 'FMA:8882', 'FMA:8883', 'FMA:8886', 'FMA:8887', 'FMA:8889', 'FMA:8890', 'FMA:8893', 'FMA:8894', 'FMA:8897', 'FMA:8898', 'FMA:8900', 'FMA:8901', 'FMA:8904', 'FMA:8905', 'FMA:8908', 'FMA:8909', 'FMA:8911', 'FMA:8912', 'FMA:8916', 'FMA:8917', 'FMA:8918', 'FMA:8919', 'FMA:8922', 'UBERON:0011766', 'UBERON:0011767']",True
